Date,SKU,Category,Subcategory,Forecast_Units,Forecast_Revenue,Promotion,is_holiday
2026-01-01,SKU001,Furniture,Chair,13.11,48035.7,0,0
2026-01-01,SKU002,Home Decor,Table,8.67,32995.33,0,0
2026-01-01,SKU003,Kitchen,Cushion,4.99,40310.37,0,0
2026-01-01,SKU004,Lighting,Cookware,4.8,32935.54,0,0
2026-01-01,SKU005,Storage,Lamp,15.97,151606.72,0,0
2026-01-01,SKU006,Furniture,Shelf,6.34,51392.29,0,0
2026-01-01,SKU007,Home Decor,Cabinet,22.78,116498.97,0,0
2026-01-01,SKU008,Kitchen,Rug,14.76,145277.37,0,0
2026-01-01,SKU009,Lighting,Organizer,10.52,24584.08,0,0
2026-01-01,SKU010,Storage,Sofa,16.23,10767.96,0,0
2026-01-01,SKU011,Furniture,Chair,2.9,4189.22,0,0
2026-01-01,SKU012,Home Decor,Table,24.14,211933.99,0,0
2026-01-01,SKU013,Kitchen,Cushion,13.16,75772.38,0,0
2026-01-01,SKU014,Lighting,Cookware,18.92,42962.59,0,0
2026-01-01,SKU015,Storage,Lamp,4.02,24972.72,0,0
2026-01-01,SKU016,Furniture,Shelf,13.21,28623.69,0,0
2026-01-01,SKU017,Home Decor,Cabinet,13.44,113935.18,0,0
2026-01-01,SKU018,Kitchen,Rug,22.95,127955.66,0,0
2026-01-01,SKU019,Lighting,Organizer,15.32,73840.1,0,0
2026-01-01,SKU020,Storage,Sofa,12.95,50473.14,0,0
2026-01-01,SKU021,Furniture,Chair,7.92,61073.34,0,0
2026-01-01,SKU022,Home Decor,Table,9.9,45510.6,0,0
2026-01-01,SKU023,Kitchen,Cushion,14.74,20882.75,0,0
2026-01-01,SKU024,Lighting,Cookware,11.78,20837.29,0,0
2026-01-01,SKU025,Storage,Lamp,2.9,33518.23,0,0
2026-01-01,SKU026,Furniture,Shelf,20.83,227870.62,0,0
2026-01-01,SKU027,Home Decor,Cabinet,23.55,200565.93,0,0
2026-01-01,SKU028,Kitchen,Rug,4.55,15852.61,0,0
2026-01-01,SKU029,Lighting,Organizer,15.0,174636.75,0,0
2026-01-01,SKU030,Storage,Sofa,4.57,43111.14,0,0
2026-01-01,SKU031,Furniture,Chair,17.62,153574.69,0,0
2026-01-01,SKU032,Home Decor,Table,8.6,48268.27,0,0
2026-01-01,SKU033,Kitchen,Cushion,16.8,59774.4,0,0
2026-01-01,SKU034,Lighting,Cookware,18.6,28237.4,0,0
2026-01-01,SKU035,Storage,Lamp,19.9,216316.78,0,0
2026-01-01,SKU036,Furniture,Shelf,4.68,26615.16,0,0
2026-01-01,SKU037,Home Decor,Cabinet,21.58,59289.32,0,0
2026-01-01,SKU038,Kitchen,Rug,7.59,29973.67,0,0
2026-01-01,SKU039,Lighting,Organizer,3.11,22139.93,0,0
2026-01-01,SKU040,Storage,Sofa,14.07,34479.38,0,0
2026-01-01,SKU041,Furniture,Chair,10.25,105951.48,0,0
2026-01-01,SKU042,Home Decor,Table,22.29,205041.92,0,0
2026-01-01,SKU043,Kitchen,Cushion,20.39,178326.25,0,0
2026-01-01,SKU044,Lighting,Cookware,8.65,46816.22,0,0
2026-01-01,SKU045,Storage,Lamp,23.18,177947.76,0,0
2026-01-01,SKU046,Furniture,Shelf,8.67,62211.93,0,0
2026-01-01,SKU047,Home Decor,Cabinet,14.13,112167.05,0,0
2026-01-01,SKU048,Kitchen,Rug,7.65,10553.56,0,0
2026-01-01,SKU049,Lighting,Organizer,24.13,126039.92,0,0
2026-01-01,SKU050,Storage,Sofa,6.25,5517.0,0,0
2026-01-02,SKU001,Furniture,Chair,13.15,48182.26,0,0
2026-01-02,SKU002,Home Decor,Table,8.86,33718.41,0,0
2026-01-02,SKU003,Kitchen,Cushion,5.0,40391.15,0,0
2026-01-02,SKU004,Lighting,Cookware,4.89,33553.08,0,0
2026-01-02,SKU005,Storage,Lamp,15.98,151701.66,0,0
2026-01-02,SKU006,Furniture,Shelf,6.43,52121.84,0,0
2026-01-02,SKU007,Home Decor,Cabinet,22.44,114760.18,0,0
2026-01-02,SKU008,Kitchen,Rug,15.03,147934.88,0,0
2026-01-02,SKU009,Lighting,Organizer,10.52,24584.08,0,0
2026-01-02,SKU010,Storage,Sofa,16.77,11126.22,0,0
2026-01-02,SKU011,Furniture,Chair,2.91,4203.67,0,0
2026-01-02,SKU012,Home Decor,Table,23.81,209036.8,0,0
2026-01-02,SKU013,Kitchen,Cushion,13.0,74851.14,0,0
2026-01-02,SKU014,Lighting,Cookware,18.58,42190.54,0,0
2026-01-02,SKU015,Storage,Lamp,4.03,25034.84,0,0
2026-01-02,SKU016,Furniture,Shelf,13.03,28233.66,0,0
2026-01-02,SKU017,Home Decor,Cabinet,13.45,114019.95,0,0
2026-01-02,SKU018,Kitchen,Rug,23.03,128401.69,0,0
2026-01-02,SKU019,Lighting,Organizer,15.64,75382.45,0,0
2026-01-02,SKU020,Storage,Sofa,12.99,50629.04,0,0
2026-01-02,SKU021,Furniture,Chair,7.98,61536.01,0,0
2026-01-02,SKU022,Home Decor,Table,9.64,44315.37,0,0
2026-01-02,SKU023,Kitchen,Cushion,14.83,21010.25,0,0
2026-01-02,SKU024,Lighting,Cookware,11.78,20837.29,0,0
2026-01-02,SKU025,Storage,Lamp,2.91,33633.81,0,0
2026-01-02,SKU026,Furniture,Shelf,20.97,229402.15,0,0
2026-01-02,SKU027,Home Decor,Cabinet,23.59,200906.59,0,0
2026-01-02,SKU028,Kitchen,Rug,4.56,15887.45,0,0
2026-01-02,SKU029,Lighting,Organizer,15.1,175801.0,0,0
2026-01-02,SKU030,Storage,Sofa,4.58,43205.48,0,0
2026-01-02,SKU031,Furniture,Chair,17.69,154184.8,0,0
2026-01-02,SKU032,Home Decor,Table,8.52,47819.27,0,0
2026-01-02,SKU033,Kitchen,Cushion,17.21,61233.18,0,0
2026-01-02,SKU034,Lighting,Cookware,18.52,28115.95,0,0
2026-01-02,SKU035,Storage,Lamp,19.96,216968.99,0,0
2026-01-02,SKU036,Furniture,Shelf,4.69,26672.03,0,0
2026-01-02,SKU037,Home Decor,Cabinet,22.08,60663.03,0,0
2026-01-02,SKU038,Kitchen,Rug,7.5,29618.25,0,0
2026-01-02,SKU039,Lighting,Organizer,3.12,22211.12,0,0
2026-01-02,SKU040,Storage,Sofa,13.88,34013.77,0,0
2026-01-02,SKU041,Furniture,Chair,10.24,105848.12,0,0
2026-01-02,SKU042,Home Decor,Table,22.58,207709.58,0,0
2026-01-02,SKU043,Kitchen,Cushion,20.39,178326.25,0,0
2026-01-02,SKU044,Lighting,Cookware,8.75,47357.45,0,0
2026-01-02,SKU045,Storage,Lamp,23.11,177410.39,0,0
2026-01-02,SKU046,Furniture,Shelf,8.63,61924.91,0,0
2026-01-02,SKU047,Home Decor,Cabinet,14.02,111293.84,0,0
2026-01-02,SKU048,Kitchen,Rug,7.74,10677.72,0,0
2026-01-02,SKU049,Lighting,Organizer,24.0,125360.88,0,0
2026-01-02,SKU050,Storage,Sofa,6.33,5587.62,0,0
2026-01-03,SKU001,Furniture,Chair,14.88,54521.06,0,0
2026-01-03,SKU002,Home Decor,Table,9.43,35887.66,0,0
2026-01-03,SKU003,Kitchen,Cushion,5.28,42653.05,0,0
2026-01-03,SKU004,Lighting,Cookware,5.21,35748.78,0,0
2026-01-03,SKU005,Storage,Lamp,17.75,168504.66,0,0
2026-01-03,SKU006,Furniture,Shelf,6.9,55931.68,0,0
2026-01-03,SKU007,Home Decor,Cabinet,26.3,134500.57,0,0
2026-01-03,SKU008,Kitchen,Rug,17.07,168013.86,0,0
2026-01-03,SKU009,Lighting,Organizer,11.71,27364.98,0,0
2026-01-03,SKU010,Storage,Sofa,17.97,11922.38,0,0
2026-01-03,SKU011,Furniture,Chair,3.19,4608.15,0,0
2026-01-03,SKU012,Home Decor,Table,27.99,245734.57,0,0
2026-01-03,SKU013,Kitchen,Cushion,14.41,82969.61,0,0
2026-01-03,SKU014,Lighting,Cookware,20.0,45415.0,0,0
2026-01-03,SKU015,Storage,Lamp,4.41,27395.45,0,0
2026-01-03,SKU016,Furniture,Shelf,14.9,32285.62,0,0
2026-01-03,SKU017,Home Decor,Cabinet,15.05,127583.67,0,0
2026-01-03,SKU018,Kitchen,Rug,27.5,153323.78,0,0
2026-01-03,SKU019,Lighting,Organizer,17.06,82226.64,0,0
2026-01-03,SKU020,Storage,Sofa,14.67,57176.91,0,0
2026-01-03,SKU021,Furniture,Chair,8.3,64003.62,0,0
2026-01-03,SKU022,Home Decor,Table,11.18,51394.8,0,0
2026-01-03,SKU023,Kitchen,Cushion,16.17,22908.69,0,0
2026-01-03,SKU024,Lighting,Cookware,13.36,23632.1,0,0
2026-01-03,SKU025,Storage,Lamp,3.19,36870.05,0,0
2026-01-03,SKU026,Furniture,Shelf,23.48,256860.4,0,0
2026-01-03,SKU027,Home Decor,Cabinet,27.95,238038.97,0,0
2026-01-03,SKU028,Kitchen,Rug,4.94,17211.4,0,0
2026-01-03,SKU029,Lighting,Organizer,16.44,191401.88,0,0
2026-01-03,SKU030,Storage,Sofa,4.97,46884.54,0,0
2026-01-03,SKU031,Furniture,Chair,18.82,164033.8,0,0
2026-01-03,SKU032,Home Decor,Table,9.37,52589.97,0,0
2026-01-03,SKU033,Kitchen,Cushion,19.05,67779.9,0,0
2026-01-03,SKU034,Lighting,Cookware,20.08,30484.25,0,0
2026-01-03,SKU035,Storage,Lamp,22.61,245775.0,0,0
2026-01-03,SKU036,Furniture,Shelf,5.1,29003.7,0,0
2026-01-03,SKU037,Home Decor,Cabinet,24.43,67119.47,0,0
2026-01-03,SKU038,Kitchen,Rug,8.1,31987.71,0,0
2026-01-03,SKU039,Lighting,Organizer,3.35,23848.48,0,0
2026-01-03,SKU040,Storage,Sofa,15.5,37983.68,0,0
2026-01-03,SKU041,Furniture,Chair,11.47,118562.29,0,0
2026-01-03,SKU042,Home Decor,Table,25.72,236593.91,0,0
2026-01-03,SKU043,Kitchen,Cushion,24.75,216457.81,0,0
2026-01-03,SKU044,Lighting,Cookware,9.71,52553.24,0,0
2026-01-03,SKU045,Storage,Lamp,26.26,201592.24,0,0
2026-01-03,SKU046,Furniture,Shelf,9.42,67593.59,0,0
2026-01-03,SKU047,Home Decor,Cabinet,15.34,121772.29,0,0
2026-01-03,SKU048,Kitchen,Rug,8.18,11284.72,0,0
2026-01-03,SKU049,Lighting,Organizer,27.04,141239.92,0,0
2026-01-03,SKU050,Storage,Sofa,7.17,6329.1,0,0
2026-01-04,SKU001,Furniture,Chair,14.76,54081.38,0,0
2026-01-04,SKU002,Home Decor,Table,9.63,36648.79,0,0
2026-01-04,SKU003,Kitchen,Cushion,5.33,43056.97,0,0
2026-01-04,SKU004,Lighting,Cookware,5.21,35748.78,0,0
2026-01-04,SKU005,Storage,Lamp,18.09,171732.35,0,0
2026-01-04,SKU006,Furniture,Shelf,6.95,56336.98,0,0
2026-01-04,SKU007,Home Decor,Cabinet,26.23,134142.58,0,0
2026-01-04,SKU008,Kitchen,Rug,17.49,172147.77,0,0
2026-01-04,SKU009,Lighting,Organizer,11.71,27364.98,0,0
2026-01-04,SKU010,Storage,Sofa,17.97,11922.38,0,0
2026-01-04,SKU011,Furniture,Chair,3.19,4608.15,0,0
2026-01-04,SKU012,Home Decor,Table,27.48,241257.09,0,0
2026-01-04,SKU013,Kitchen,Cushion,14.41,82969.61,0,0
2026-01-04,SKU014,Lighting,Cookware,19.69,44711.07,0,0
2026-01-04,SKU015,Storage,Lamp,4.41,27395.45,0,0
2026-01-04,SKU016,Furniture,Shelf,14.9,32285.62,0,0
2026-01-04,SKU017,Home Decor,Cabinet,15.05,127583.67,0,0
2026-01-04,SKU018,Kitchen,Rug,26.56,148082.89,0,0
2026-01-04,SKU019,Lighting,Organizer,17.17,82756.82,0,0
2026-01-04,SKU020,Storage,Sofa,14.67,57176.91,0,0
2026-01-04,SKU021,Furniture,Chair,8.37,64543.41,0,0
2026-01-04,SKU022,Home Decor,Table,11.16,51302.85,0,0
2026-01-04,SKU023,Kitchen,Cushion,16.16,22894.52,0,0
2026-01-04,SKU024,Lighting,Cookware,13.36,23632.1,0,0
2026-01-04,SKU025,Storage,Lamp,3.19,36870.05,0,0
2026-01-04,SKU026,Furniture,Shelf,23.26,254453.7,0,0
2026-01-04,SKU027,Home Decor,Cabinet,27.69,235824.65,0,0
2026-01-04,SKU028,Kitchen,Rug,5.21,18152.11,0,0
2026-01-04,SKU029,Lighting,Organizer,16.48,191867.58,0,0
2026-01-04,SKU030,Storage,Sofa,4.97,46884.54,0,0
2026-01-04,SKU031,Furniture,Chair,18.94,165079.71,0,0
2026-01-04,SKU032,Home Decor,Table,9.64,54105.37,0,0
2026-01-04,SKU033,Kitchen,Cushion,18.61,66214.38,0,0
2026-01-04,SKU034,Lighting,Cookware,20.16,30605.7,0,0
2026-01-04,SKU035,Storage,Lamp,22.85,248383.84,0,0
2026-01-04,SKU036,Furniture,Shelf,5.03,28605.61,0,0
2026-01-04,SKU037,Home Decor,Cabinet,25.04,68795.4,0,0
2026-01-04,SKU038,Kitchen,Rug,8.1,31987.71,0,0
2026-01-04,SKU039,Lighting,Organizer,3.35,23848.48,0,0
2026-01-04,SKU040,Storage,Sofa,15.18,37199.5,0,0
2026-01-04,SKU041,Furniture,Chair,11.47,118562.29,0,0
2026-01-04,SKU042,Home Decor,Table,24.84,228498.94,0,0
2026-01-04,SKU043,Kitchen,Cushion,23.65,206837.46,0,0
2026-01-04,SKU044,Lighting,Cookware,9.68,52390.87,0,0
2026-01-04,SKU045,Storage,Lamp,25.81,198137.69,0,0
2026-01-04,SKU046,Furniture,Shelf,9.42,67593.59,0,0
2026-01-04,SKU047,Home Decor,Cabinet,15.46,122724.88,0,0
2026-01-04,SKU048,Kitchen,Rug,8.13,11215.74,0,0
2026-01-04,SKU049,Lighting,Organizer,25.95,135546.45,0,0
2026-01-04,SKU050,Storage,Sofa,6.93,6117.25,0,0
2026-01-05,SKU001,Furniture,Chair,13.17,48255.54,0,0
2026-01-05,SKU002,Home Decor,Table,8.87,33756.47,0,0
2026-01-05,SKU003,Kitchen,Cushion,4.99,40310.37,0,0
2026-01-05,SKU004,Lighting,Cookware,4.8,32935.54,0,0
2026-01-05,SKU005,Storage,Lamp,16.98,161194.88,0,0
2026-01-05,SKU006,Furniture,Shelf,6.47,52446.08,0,0
2026-01-05,SKU007,Home Decor,Cabinet,23.07,117982.06,0,0
2026-01-05,SKU008,Kitchen,Rug,15.6,153545.18,0,0
2026-01-05,SKU009,Lighting,Organizer,10.4,24303.66,0,0
2026-01-05,SKU010,Storage,Sofa,16.69,11073.15,0,0
2026-01-05,SKU011,Furniture,Chair,2.9,4189.22,0,0
2026-01-05,SKU012,Home Decor,Table,23.16,203330.21,0,0
2026-01-05,SKU013,Kitchen,Cushion,12.92,74390.52,0,0
2026-01-05,SKU014,Lighting,Cookware,19.08,43325.91,0,0
2026-01-05,SKU015,Storage,Lamp,4.02,24972.72,0,0
2026-01-05,SKU016,Furniture,Shelf,13.46,29165.4,0,0
2026-01-05,SKU017,Home Decor,Cabinet,13.62,115461.1,0,0
2026-01-05,SKU018,Kitchen,Rug,23.01,128290.18,0,0
2026-01-05,SKU019,Lighting,Organizer,15.46,74514.88,0,0
2026-01-05,SKU020,Storage,Sofa,13.17,51330.6,0,0
2026-01-05,SKU021,Furniture,Chair,7.95,61304.68,0,0
2026-01-05,SKU022,Home Decor,Table,9.6,44131.49,0,0
2026-01-05,SKU023,Kitchen,Cushion,14.29,20245.21,0,0
2026-01-05,SKU024,Lighting,Cookware,11.7,20695.78,0,0
2026-01-05,SKU025,Storage,Lamp,2.9,33518.23,0,0
2026-01-05,SKU026,Furniture,Shelf,21.07,230496.11,0,0
2026-01-05,SKU027,Home Decor,Cabinet,24.75,210785.85,0,0
2026-01-05,SKU028,Kitchen,Rug,4.55,15852.61,0,0
2026-01-05,SKU029,Lighting,Organizer,14.85,172890.38,0,0
2026-01-05,SKU030,Storage,Sofa,4.57,43111.14,0,0
2026-01-05,SKU031,Furniture,Chair,17.89,155927.99,0,0
2026-01-05,SKU032,Home Decor,Table,8.51,47763.14,0,0
2026-01-05,SKU033,Kitchen,Cushion,17.05,60663.9,0,0
2026-01-05,SKU034,Lighting,Cookware,18.25,27706.06,0,0
2026-01-05,SKU035,Storage,Lamp,19.95,216860.29,0,0
2026-01-05,SKU036,Furniture,Shelf,4.68,26615.16,0,0
2026-01-05,SKU037,Home Decor,Cabinet,21.68,59564.07,0,0
2026-01-05,SKU038,Kitchen,Rug,7.52,29697.23,0,0
2026-01-05,SKU039,Lighting,Organizer,3.11,22139.93,0,0
2026-01-05,SKU040,Storage,Sofa,13.97,34234.32,0,0
2026-01-05,SKU041,Furniture,Chair,10.23,105744.75,0,0
2026-01-05,SKU042,Home Decor,Table,21.93,201730.34,0,0
2026-01-05,SKU043,Kitchen,Cushion,20.86,182436.76,0,0
2026-01-05,SKU044,Lighting,Cookware,8.68,46978.59,0,0
2026-01-05,SKU045,Storage,Lamp,22.39,171883.1,0,0
2026-01-05,SKU046,Furniture,Shelf,8.62,61853.15,0,0
2026-01-05,SKU047,Home Decor,Cabinet,13.65,108356.7,0,0
2026-01-05,SKU048,Kitchen,Rug,7.75,10691.51,0,0
2026-01-05,SKU049,Lighting,Organizer,22.73,118727.2,0,0
2026-01-05,SKU050,Storage,Sofa,6.29,5552.31,0,0
2026-01-06,SKU001,Furniture,Chair,13.02,47705.93,0,0
2026-01-06,SKU002,Home Decor,Table,8.91,33908.7,0,0
2026-01-06,SKU003,Kitchen,Cushion,5.32,42976.18,0,0
2026-01-06,SKU004,Lighting,Cookware,4.8,32935.54,0,0
2026-01-06,SKU005,Storage,Lamp,16.63,157872.25,0,0
2026-01-06,SKU006,Furniture,Shelf,6.5,52689.26,0,0
2026-01-06,SKU007,Home Decor,Cabinet,23.06,117930.92,0,0
2026-01-06,SKU008,Kitchen,Rug,15.29,150493.97,0,0
2026-01-06,SKU009,Lighting,Organizer,10.41,24327.02,0,0
2026-01-06,SKU010,Storage,Sofa,16.88,11199.2,0,0
2026-01-06,SKU011,Furniture,Chair,2.9,4189.22,0,0
2026-01-06,SKU012,Home Decor,Table,23.52,206490.78,0,0
2026-01-06,SKU013,Kitchen,Cushion,13.31,76636.05,0,0
2026-01-06,SKU014,Lighting,Cookware,18.82,42735.52,0,0
2026-01-06,SKU015,Storage,Lamp,4.02,24972.72,0,0
2026-01-06,SKU016,Furniture,Shelf,13.12,28428.68,0,0
2026-01-06,SKU017,Home Decor,Cabinet,13.21,111985.4,0,0
2026-01-06,SKU018,Kitchen,Rug,23.4,130464.59,0,0
2026-01-06,SKU019,Lighting,Organizer,16.0,77117.6,0,0
2026-01-06,SKU020,Storage,Sofa,12.78,49810.56,0,0
2026-01-06,SKU021,Furniture,Chair,8.06,62152.92,0,0
2026-01-06,SKU022,Home Decor,Table,9.64,44315.37,0,0
2026-01-06,SKU023,Kitchen,Cushion,14.43,20443.56,0,0
2026-01-06,SKU024,Lighting,Cookware,11.7,20695.78,0,0
2026-01-06,SKU025,Storage,Lamp,2.9,33518.23,0,0
2026-01-06,SKU026,Furniture,Shelf,20.63,225682.71,0,0
2026-01-06,SKU027,Home Decor,Cabinet,24.35,207379.21,0,0
2026-01-06,SKU028,Kitchen,Rug,4.55,15852.61,0,0
2026-01-06,SKU029,Lighting,Organizer,14.71,171260.44,0,0
2026-01-06,SKU030,Storage,Sofa,4.57,43111.14,0,0
2026-01-06,SKU031,Furniture,Chair,17.69,154184.8,0,0
2026-01-06,SKU032,Home Decor,Table,8.51,47763.14,0,0
2026-01-06,SKU033,Kitchen,Cushion,16.94,60272.52,0,0
2026-01-06,SKU034,Lighting,Cookware,18.49,28070.41,0,0
2026-01-06,SKU035,Storage,Lamp,20.22,219795.24,0,0
2026-01-06,SKU036,Furniture,Shelf,4.68,26615.16,0,0
2026-01-06,SKU037,Home Decor,Cabinet,22.12,60772.93,0,0
2026-01-06,SKU038,Kitchen,Rug,7.52,29697.23,0,0
2026-01-06,SKU039,Lighting,Organizer,3.11,22139.93,0,0
2026-01-06,SKU040,Storage,Sofa,13.89,34038.28,0,0
2026-01-06,SKU041,Furniture,Chair,10.2,105434.65,0,0
2026-01-06,SKU042,Home Decor,Table,22.22,204398.0,0,0
2026-01-06,SKU043,Kitchen,Cushion,20.98,183486.25,0,0
2026-01-06,SKU044,Lighting,Cookware,8.9,48169.29,0,0
2026-01-06,SKU045,Storage,Lamp,22.6,173495.23,0,0
2026-01-06,SKU046,Furniture,Shelf,8.62,61853.15,0,0
2026-01-06,SKU047,Home Decor,Cabinet,13.58,107801.03,0,0
2026-01-06,SKU048,Kitchen,Rug,7.66,10567.35,0,0
2026-01-06,SKU049,Lighting,Organizer,22.73,118727.2,0,0
2026-01-06,SKU050,Storage,Sofa,6.34,5596.44,0,0
2026-01-07,SKU001,Furniture,Chair,12.99,47596.01,0,0
2026-01-07,SKU002,Home Decor,Table,8.87,33756.47,0,0
2026-01-07,SKU003,Kitchen,Cushion,4.99,40310.37,0,0
2026-01-07,SKU004,Lighting,Cookware,4.8,32935.54,0,0
2026-01-07,SKU005,Storage,Lamp,16.63,157872.25,0,0
2026-01-07,SKU006,Furniture,Shelf,6.42,52040.78,0,0
2026-01-07,SKU007,Home Decor,Cabinet,22.85,116856.96,0,0
2026-01-07,SKU008,Kitchen,Rug,15.38,151379.8,0,0
2026-01-07,SKU009,Lighting,Organizer,10.4,24303.66,0,0
2026-01-07,SKU010,Storage,Sofa,16.75,11112.96,0,0
2026-01-07,SKU011,Furniture,Chair,2.9,4189.22,0,0
2026-01-07,SKU012,Home Decor,Table,24.5,215094.57,0,0
2026-01-07,SKU013,Kitchen,Cushion,13.31,76636.05,0,0
2026-01-07,SKU014,Lighting,Cookware,18.77,42621.98,0,0
2026-01-07,SKU015,Storage,Lamp,4.07,25283.33,0,0
2026-01-07,SKU016,Furniture,Shelf,12.96,28081.99,0,0
2026-01-07,SKU017,Home Decor,Cabinet,13.41,113680.86,0,0
2026-01-07,SKU018,Kitchen,Rug,23.44,130687.61,0,0
2026-01-07,SKU019,Lighting,Organizer,16.33,78708.15,0,0
2026-01-07,SKU020,Storage,Sofa,12.87,50161.34,0,0
2026-01-07,SKU021,Furniture,Chair,8.11,62538.48,0,0
2026-01-07,SKU022,Home Decor,Table,9.62,44223.43,0,0
2026-01-07,SKU023,Kitchen,Cushion,14.29,20245.21,0,0
2026-01-07,SKU024,Lighting,Cookware,11.61,20536.58,0,0
2026-01-07,SKU025,Storage,Lamp,2.9,33518.23,0,0
2026-01-07,SKU026,Furniture,Shelf,21.0,229730.34,0,0
2026-01-07,SKU027,Home Decor,Cabinet,24.27,206697.88,0,0
2026-01-07,SKU028,Kitchen,Rug,4.78,16653.95,0,0
2026-01-07,SKU029,Lighting,Organizer,15.0,174636.75,0,0
2026-01-07,SKU030,Storage,Sofa,4.62,43582.82,0,0
2026-01-07,SKU031,Furniture,Chair,18.06,157409.7,0,0
2026-01-07,SKU032,Home Decor,Table,8.58,48156.02,0,0
2026-01-07,SKU033,Kitchen,Cushion,17.43,62015.94,0,0
2026-01-07,SKU034,Lighting,Cookware,18.69,28374.04,0,0
2026-01-07,SKU035,Storage,Lamp,20.31,220773.56,0,0
2026-01-07,SKU036,Furniture,Shelf,4.68,26615.16,0,0
2026-01-07,SKU037,Home Decor,Cabinet,22.03,60525.66,0,0
2026-01-07,SKU038,Kitchen,Rug,7.51,29657.74,0,0
2026-01-07,SKU039,Lighting,Organizer,3.11,22139.93,0,0
2026-01-07,SKU040,Storage,Sofa,14.15,34675.42,0,0
2026-01-07,SKU041,Furniture,Chair,10.5,108535.66,0,0
2026-01-07,SKU042,Home Decor,Table,22.47,206697.71,0,0
2026-01-07,SKU043,Kitchen,Cushion,21.54,188383.89,0,0
2026-01-07,SKU044,Lighting,Cookware,8.78,47519.82,0,0
2026-01-07,SKU045,Storage,Lamp,23.37,179406.35,0,0
2026-01-07,SKU046,Furniture,Shelf,8.62,61853.15,0,0
2026-01-07,SKU047,Home Decor,Cabinet,13.71,108833.0,0,0
2026-01-07,SKU048,Kitchen,Rug,7.73,10663.92,0,0
2026-01-07,SKU049,Lighting,Organizer,23.79,124263.97,0,0
2026-01-07,SKU050,Storage,Sofa,6.34,5596.44,0,0
2026-01-08,SKU001,Furniture,Chair,13.08,47925.77,0,0
2026-01-08,SKU002,Home Decor,Table,8.97,34137.04,0,0
2026-01-08,SKU003,Kitchen,Cushion,5.31,42895.4,0,0
2026-01-08,SKU004,Lighting,Cookware,4.88,33484.46,0,0
2026-01-08,SKU005,Storage,Lamp,16.66,158157.05,0,0
2026-01-08,SKU006,Furniture,Shelf,6.49,52608.2,0,0
2026-01-08,SKU007,Home Decor,Cabinet,22.87,116959.24,0,0
2026-01-08,SKU008,Kitchen,Rug,15.78,155316.86,0,0
2026-01-08,SKU009,Lighting,Organizer,10.67,24934.62,0,0
2026-01-08,SKU010,Storage,Sofa,16.8,11146.13,0,0
2026-01-08,SKU011,Furniture,Chair,2.95,4261.45,0,0
2026-01-08,SKU012,Home Decor,Table,24.58,215796.91,0,0
2026-01-08,SKU013,Kitchen,Cushion,13.16,75772.38,0,0
2026-01-08,SKU014,Lighting,Cookware,19.18,43552.98,0,0
2026-01-08,SKU015,Storage,Lamp,4.02,24972.72,0,0
2026-01-08,SKU016,Furniture,Shelf,13.04,28255.33,0,0
2026-01-08,SKU017,Home Decor,Cabinet,13.46,114104.73,0,0
2026-01-08,SKU018,Kitchen,Rug,23.13,128959.23,0,0
2026-01-08,SKU019,Lighting,Organizer,16.41,79093.74,0,0
2026-01-08,SKU020,Storage,Sofa,13.23,51564.45,0,0
2026-01-08,SKU021,Furniture,Chair,8.05,62075.8,0,0
2026-01-08,SKU022,Home Decor,Table,10.04,46154.18,0,0
2026-01-08,SKU023,Kitchen,Cushion,14.17,20075.21,0,0
2026-01-08,SKU024,Lighting,Cookware,11.68,20660.4,0,0
2026-01-08,SKU025,Storage,Lamp,2.9,33518.23,0,0
2026-01-08,SKU026,Furniture,Shelf,20.83,227870.62,0,0
2026-01-08,SKU027,Home Decor,Cabinet,24.12,205420.39,0,0
2026-01-08,SKU028,Kitchen,Rug,4.78,16653.95,0,0
2026-01-08,SKU029,Lighting,Organizer,14.92,173705.35,0,0
2026-01-08,SKU030,Storage,Sofa,4.57,43111.14,0,0
2026-01-08,SKU031,Furniture,Chair,17.88,155840.83,0,0
2026-01-08,SKU032,Home Decor,Table,9.07,50906.19,0,0
2026-01-08,SKU033,Kitchen,Cushion,16.87,60023.46,0,0
2026-01-08,SKU034,Lighting,Cookware,18.71,28404.4,0,0
2026-01-08,SKU035,Storage,Lamp,20.11,218599.52,0,0
2026-01-08,SKU036,Furniture,Shelf,4.68,26615.16,0,0
2026-01-08,SKU037,Home Decor,Cabinet,22.4,61542.21,0,0
2026-01-08,SKU038,Kitchen,Rug,7.6,30013.16,0,0
2026-01-08,SKU039,Lighting,Organizer,3.11,22139.93,0,0
2026-01-08,SKU040,Storage,Sofa,14.21,34822.46,0,0
2026-01-08,SKU041,Furniture,Chair,10.69,110499.64,0,0
2026-01-08,SKU042,Home Decor,Table,22.33,205409.87,0,0
2026-01-08,SKU043,Kitchen,Cushion,21.18,185235.41,0,0
2026-01-08,SKU044,Lighting,Cookware,8.88,48061.05,0,0
2026-01-08,SKU045,Storage,Lamp,23.69,181862.92,0,0
2026-01-08,SKU046,Furniture,Shelf,8.65,62068.42,0,0
2026-01-08,SKU047,Home Decor,Cabinet,13.73,108991.76,0,0
2026-01-08,SKU048,Kitchen,Rug,7.7,10622.54,0,0
2026-01-08,SKU049,Lighting,Organizer,23.33,121861.22,0,0
2026-01-08,SKU050,Storage,Sofa,6.54,5772.99,0,0
2026-01-09,SKU001,Furniture,Chair,13.39,49061.63,0,0
2026-01-09,SKU002,Home Decor,Table,8.99,34213.15,0,0
2026-01-09,SKU003,Kitchen,Cushion,5.59,45157.31,0,0
2026-01-09,SKU004,Lighting,Cookware,4.81,33004.15,0,0
2026-01-09,SKU005,Storage,Lamp,16.74,158916.5,0,0
2026-01-09,SKU006,Furniture,Shelf,6.54,53013.5,0,0
2026-01-09,SKU007,Home Decor,Cabinet,23.22,118749.17,0,0
2026-01-09,SKU008,Kitchen,Rug,15.88,156301.12,0,0
2026-01-09,SKU009,Lighting,Organizer,10.66,24911.25,0,0
2026-01-09,SKU010,Storage,Sofa,16.93,11232.38,0,0
2026-01-09,SKU011,Furniture,Chair,2.91,4203.67,0,0
2026-01-09,SKU012,Home Decor,Table,24.79,217640.58,0,0
2026-01-09,SKU013,Kitchen,Cushion,13.47,77557.3,0,0
2026-01-09,SKU014,Lighting,Cookware,19.15,43484.86,0,0
2026-01-09,SKU015,Storage,Lamp,4.03,25034.84,0,0
2026-01-09,SKU016,Furniture,Shelf,13.03,28233.66,0,0
2026-01-09,SKU017,Home Decor,Cabinet,13.51,114528.59,0,0
2026-01-09,SKU018,Kitchen,Rug,23.28,129795.54,0,0
2026-01-09,SKU019,Lighting,Organizer,16.49,79479.33,0,0
2026-01-09,SKU020,Storage,Sofa,13.33,51954.21,0,0
2026-01-09,SKU021,Furniture,Chair,8.05,62075.8,0,0
2026-01-09,SKU022,Home Decor,Table,9.96,45786.42,0,0
2026-01-09,SKU023,Kitchen,Cushion,14.45,20471.89,0,0
2026-01-09,SKU024,Lighting,Cookware,11.67,20642.71,0,0
2026-01-09,SKU025,Storage,Lamp,2.91,33633.81,0,0
2026-01-09,SKU026,Furniture,Shelf,21.0,229730.34,0,0
2026-01-09,SKU027,Home Decor,Cabinet,24.37,207549.54,0,0
2026-01-09,SKU028,Kitchen,Rug,4.79,16688.79,0,0
2026-01-09,SKU029,Lighting,Organizer,15.4,179293.73,0,0
2026-01-09,SKU030,Storage,Sofa,4.63,43677.15,0,0
2026-01-09,SKU031,Furniture,Chair,18.15,158194.13,0,0
2026-01-09,SKU032,Home Decor,Table,8.64,48492.78,0,0
2026-01-09,SKU033,Kitchen,Cushion,16.92,60201.36,0,0
2026-01-09,SKU034,Lighting,Cookware,18.83,28586.58,0,0
2026-01-09,SKU035,Storage,Lamp,19.9,216316.78,0,0
2026-01-09,SKU036,Furniture,Shelf,4.69,26672.03,0,0
2026-01-09,SKU037,Home Decor,Cabinet,22.89,62888.44,0,0
2026-01-09,SKU038,Kitchen,Rug,7.72,30487.05,0,0
2026-01-09,SKU039,Lighting,Organizer,3.12,22211.12,0,0
2026-01-09,SKU040,Storage,Sofa,14.16,34699.93,0,0
2026-01-09,SKU041,Furniture,Chair,10.53,108845.77,0,0
2026-01-09,SKU042,Home Decor,Table,22.32,205317.89,0,0
2026-01-09,SKU043,Kitchen,Cushion,21.37,186897.1,0,0
2026-01-09,SKU044,Lighting,Cookware,8.82,47736.31,0,0
2026-01-09,SKU045,Storage,Lamp,23.7,181939.69,0,0
2026-01-09,SKU046,Furniture,Shelf,8.63,61924.91,0,0
2026-01-09,SKU047,Home Decor,Cabinet,14.15,112325.81,0,0
2026-01-09,SKU048,Kitchen,Rug,7.76,10705.31,0,0
2026-01-09,SKU049,Lighting,Organizer,23.74,124002.8,0,0
2026-01-09,SKU050,Storage,Sofa,6.44,5684.72,0,0
2026-01-10,SKU001,Furniture,Chair,14.73,53971.46,0,0
2026-01-10,SKU002,Home Decor,Table,9.89,37638.27,0,0
2026-01-10,SKU003,Kitchen,Cushion,5.71,46126.69,0,0
2026-01-10,SKU004,Lighting,Cookware,5.29,36297.71,0,0
2026-01-10,SKU005,Storage,Lamp,18.15,172301.94,0,0
2026-01-10,SKU006,Furniture,Shelf,6.97,56499.1,0,0
2026-01-10,SKU007,Home Decor,Cabinet,27.2,139103.25,0,0
2026-01-10,SKU008,Kitchen,Rug,17.76,174805.29,0,0
2026-01-10,SKU009,Lighting,Organizer,11.71,27364.98,0,0
2026-01-10,SKU010,Storage,Sofa,18.04,11968.82,0,0
2026-01-10,SKU011,Furniture,Chair,3.19,4608.15,0,0
2026-01-10,SKU012,Home Decor,Table,28.79,252758.06,0,0
2026-01-10,SKU013,Kitchen,Cushion,14.38,82796.88,0,0
2026-01-10,SKU014,Lighting,Cookware,20.68,46959.11,0,0
2026-01-10,SKU015,Storage,Lamp,4.45,27643.93,0,0
2026-01-10,SKU016,Furniture,Shelf,15.09,32697.31,0,0
2026-01-10,SKU017,Home Decor,Cabinet,15.05,127583.67,0,0
2026-01-10,SKU018,Kitchen,Rug,27.54,153546.79,0,0
2026-01-10,SKU019,Lighting,Organizer,18.12,87335.68,0,0
2026-01-10,SKU020,Storage,Sofa,14.88,57995.4,0,0
2026-01-10,SKU021,Furniture,Chair,8.55,65931.44,0,0
2026-01-10,SKU022,Home Decor,Table,11.29,51900.47,0,0
2026-01-10,SKU023,Kitchen,Cushion,15.78,22356.16,0,0
2026-01-10,SKU024,Lighting,Cookware,13.26,23455.22,0,0
2026-01-10,SKU025,Storage,Lamp,3.19,36870.05,0,0
2026-01-10,SKU026,Furniture,Shelf,24.49,267909.33,0,0
2026-01-10,SKU027,Home Decor,Cabinet,28.62,243745.09,0,0
2026-01-10,SKU028,Kitchen,Rug,5.13,17873.38,0,0
2026-01-10,SKU029,Lighting,Organizer,16.84,196058.86,0,0
2026-01-10,SKU030,Storage,Sofa,4.92,46412.87,0,0
2026-01-10,SKU031,Furniture,Chair,19.11,166561.42,0,0
2026-01-10,SKU032,Home Decor,Table,9.66,54217.62,0,0
2026-01-10,SKU033,Kitchen,Cushion,18.34,65253.72,0,0
2026-01-10,SKU034,Lighting,Cookware,20.63,31319.23,0,0
2026-01-10,SKU035,Storage,Lamp,22.96,249579.56,0,0
2026-01-10,SKU036,Furniture,Shelf,5.1,29003.7,0,0
2026-01-10,SKU037,Home Decor,Cabinet,26.57,72998.95,0,0
2026-01-10,SKU038,Kitchen,Rug,8.27,32659.06,0,0
2026-01-10,SKU039,Lighting,Organizer,3.35,23848.48,0,0
2026-01-10,SKU040,Storage,Sofa,15.59,38204.23,0,0
2026-01-10,SKU041,Furniture,Chair,11.67,120629.64,0,0
2026-01-10,SKU042,Home Decor,Table,25.71,236501.92,0,0
2026-01-10,SKU043,Kitchen,Cushion,24.57,214883.57,0,0
2026-01-10,SKU044,Lighting,Cookware,10.33,55908.85,0,0
2026-01-10,SKU045,Storage,Lamp,26.78,205584.17,0,0
2026-01-10,SKU046,Furniture,Shelf,9.41,67521.83,0,0
2026-01-10,SKU047,Home Decor,Cabinet,15.34,121772.29,0,0
2026-01-10,SKU048,Kitchen,Rug,8.2,11312.31,0,0
2026-01-10,SKU049,Lighting,Organizer,27.18,141971.2,0,0
2026-01-10,SKU050,Storage,Sofa,6.95,6134.9,0,0
2026-01-11,SKU001,Furniture,Chair,14.87,54484.42,0,0
2026-01-11,SKU002,Home Decor,Table,9.99,38018.84,0,0
2026-01-11,SKU003,Kitchen,Cushion,5.71,46126.69,0,0
2026-01-11,SKU004,Lighting,Cookware,5.29,36297.71,0,0
2026-01-11,SKU005,Storage,Lamp,18.23,173061.4,0,0
2026-01-11,SKU006,Furniture,Shelf,7.04,57066.52,0,0
2026-01-11,SKU007,Home Decor,Cabinet,27.11,138642.98,0,0
2026-01-11,SKU008,Kitchen,Rug,18.08,177954.93,0,0
2026-01-11,SKU009,Lighting,Organizer,11.6,27107.92,0,0
2026-01-11,SKU010,Storage,Sofa,18.04,11968.82,0,0
2026-01-11,SKU011,Furniture,Chair,3.19,4608.15,0,0
2026-01-11,SKU012,Home Decor,Table,28.31,248543.96,0,0
2026-01-11,SKU013,Kitchen,Cushion,14.41,82969.61,0,0
2026-01-11,SKU014,Lighting,Cookware,20.92,47504.09,0,0
2026-01-11,SKU015,Storage,Lamp,4.41,27395.45,0,0
2026-01-11,SKU016,Furniture,Shelf,15.12,32762.32,0,0
2026-01-11,SKU017,Home Decor,Cabinet,15.42,130720.27,0,0
2026-01-11,SKU018,Kitchen,Rug,27.46,153100.76,0,0
2026-01-11,SKU019,Lighting,Organizer,18.2,87721.27,0,0
2026-01-11,SKU020,Storage,Sofa,14.91,58112.32,0,0
2026-01-11,SKU021,Furniture,Chair,8.57,66085.67,0,0
2026-01-11,SKU022,Home Decor,Table,11.18,51394.8,0,0
2026-01-11,SKU023,Kitchen,Cushion,15.72,22271.15,0,0
2026-01-11,SKU024,Lighting,Cookware,13.41,23720.55,0,0
2026-01-11,SKU025,Storage,Lamp,3.19,36870.05,0,0
2026-01-11,SKU026,Furniture,Shelf,24.82,271519.38,0,0
2026-01-11,SKU027,Home Decor,Cabinet,28.62,243745.09,0,0
2026-01-11,SKU028,Kitchen,Rug,5.21,18152.11,0,0
2026-01-11,SKU029,Lighting,Organizer,16.6,193264.67,0,0
2026-01-11,SKU030,Storage,Sofa,4.92,46412.87,0,0
2026-01-11,SKU031,Furniture,Chair,19.5,169960.64,0,0
2026-01-11,SKU032,Home Decor,Table,10.03,56294.28,0,0
2026-01-11,SKU033,Kitchen,Cushion,18.43,65573.94,0,0
2026-01-11,SKU034,Lighting,Cookware,20.36,30909.33,0,0
2026-01-11,SKU035,Storage,Lamp,23.42,254579.85,0,0
2026-01-11,SKU036,Furniture,Shelf,5.03,28605.61,0,0
2026-01-11,SKU037,Home Decor,Cabinet,26.56,72971.48,0,0
2026-01-11,SKU038,Kitchen,Rug,8.19,32343.13,0,0
2026-01-11,SKU039,Lighting,Organizer,3.35,23848.48,0,0
2026-01-11,SKU040,Storage,Sofa,15.68,38424.78,0,0
2026-01-11,SKU041,Furniture,Chair,11.7,120939.74,0,0
2026-01-11,SKU042,Home Decor,Table,26.42,243033.09,0,0
2026-01-11,SKU043,Kitchen,Cushion,24.74,216370.35,0,0
2026-01-11,SKU044,Lighting,Cookware,10.27,55584.12,0,0
2026-01-11,SKU045,Storage,Lamp,26.74,205277.1,0,0
2026-01-11,SKU046,Furniture,Shelf,9.42,67593.59,0,0
2026-01-11,SKU047,Home Decor,Cabinet,15.29,121375.38,0,0
2026-01-11,SKU048,Kitchen,Rug,8.35,11519.24,0,0
2026-01-11,SKU049,Lighting,Organizer,27.07,141396.63,0,0
2026-01-11,SKU050,Storage,Sofa,7.26,6408.55,0,0
2026-01-12,SKU001,Furniture,Chair,13.43,49208.19,0,0
2026-01-12,SKU002,Home Decor,Table,8.87,33756.47,0,0
2026-01-12,SKU003,Kitchen,Cushion,5.31,42895.4,0,0
2026-01-12,SKU004,Lighting,Cookware,4.48,30739.83,0,0
2026-01-12,SKU005,Storage,Lamp,16.52,156827.99,0,0
2026-01-12,SKU006,Furniture,Shelf,6.54,53013.5,0,0
2026-01-12,SKU007,Home Decor,Cabinet,22.45,114811.32,0,0
2026-01-12,SKU008,Kitchen,Rug,16.28,160238.18,0,0
2026-01-12,SKU009,Lighting,Organizer,10.33,24140.07,0,0
2026-01-12,SKU010,Storage,Sofa,16.86,11185.94,0,0
2026-01-12,SKU011,Furniture,Chair,2.9,4189.22,0,0
2026-01-12,SKU012,Home Decor,Table,23.29,204471.53,0,0
2026-01-12,SKU013,Kitchen,Cushion,12.87,74102.63,0,0
2026-01-12,SKU014,Lighting,Cookware,18.92,42962.59,0,0
2026-01-12,SKU015,Storage,Lamp,4.02,24972.72,0,0
2026-01-12,SKU016,Furniture,Shelf,13.45,29143.73,0,0
2026-01-12,SKU017,Home Decor,Cabinet,13.59,115206.78,0,0
2026-01-12,SKU018,Kitchen,Rug,23.26,129684.04,0,0
2026-01-12,SKU019,Lighting,Organizer,16.4,79045.54,0,0
2026-01-12,SKU020,Storage,Sofa,13.34,51993.18,0,0
2026-01-12,SKU021,Furniture,Chair,8.06,62152.92,0,0
2026-01-12,SKU022,Home Decor,Table,9.93,45648.51,0,0
2026-01-12,SKU023,Kitchen,Cushion,14.63,20726.91,0,0
2026-01-12,SKU024,Lighting,Cookware,11.63,20571.96,0,0
2026-01-12,SKU025,Storage,Lamp,2.9,33518.23,0,0
2026-01-12,SKU026,Furniture,Shelf,21.57,235965.88,0,0
2026-01-12,SKU027,Home Decor,Cabinet,23.8,202695.08,0,0
2026-01-12,SKU028,Kitchen,Rug,4.83,16828.15,0,0
2026-01-12,SKU029,Lighting,Organizer,15.35,178711.61,0,0
2026-01-12,SKU030,Storage,Sofa,4.57,43111.14,0,0
2026-01-12,SKU031,Furniture,Chair,17.58,153226.05,0,0
2026-01-12,SKU032,Home Decor,Table,9.03,50681.69,0,0
2026-01-12,SKU033,Kitchen,Cushion,16.87,60023.46,0,0
2026-01-12,SKU034,Lighting,Cookware,18.74,28449.94,0,0
2026-01-12,SKU035,Storage,Lamp,20.83,226426.06,0,0
2026-01-12,SKU036,Furniture,Shelf,4.68,26615.16,0,0
2026-01-12,SKU037,Home Decor,Cabinet,22.35,61404.84,0,0
2026-01-12,SKU038,Kitchen,Rug,7.65,30210.62,0,0
2026-01-12,SKU039,Lighting,Organizer,3.11,22139.93,0,0
2026-01-12,SKU040,Storage,Sofa,13.94,34160.81,0,0
2026-01-12,SKU041,Furniture,Chair,10.64,109982.81,0,0
2026-01-12,SKU042,Home Decor,Table,23.15,212952.91,0,0
2026-01-12,SKU043,Kitchen,Cushion,21.52,188208.97,0,0
2026-01-12,SKU044,Lighting,Cookware,9.29,50280.08,0,0
2026-01-12,SKU045,Storage,Lamp,22.68,174109.37,0,0
2026-01-12,SKU046,Furniture,Shelf,8.62,61853.15,0,0
2026-01-12,SKU047,Home Decor,Cabinet,14.66,116374.31,0,0
2026-01-12,SKU048,Kitchen,Rug,7.85,10829.47,0,0
2026-01-12,SKU049,Lighting,Organizer,22.97,119980.81,0,0
2026-01-12,SKU050,Storage,Sofa,6.61,5834.78,0,0
2026-01-13,SKU001,Furniture,Chair,12.94,47412.81,0,0
2026-01-13,SKU002,Home Decor,Table,8.91,33908.7,0,0
2026-01-13,SKU003,Kitchen,Cushion,5.31,42895.4,0,0
2026-01-13,SKU004,Lighting,Cookware,4.53,31082.91,0,0
2026-01-13,SKU005,Storage,Lamp,16.45,156163.47,0,0
2026-01-13,SKU006,Furniture,Shelf,6.54,53013.5,0,0
2026-01-13,SKU007,Home Decor,Cabinet,22.8,116601.25,0,0
2026-01-13,SKU008,Kitchen,Rug,16.14,158860.21,0,0
2026-01-13,SKU009,Lighting,Organizer,10.37,24233.55,0,0
2026-01-13,SKU010,Storage,Sofa,16.78,11132.86,0,0
2026-01-13,SKU011,Furniture,Chair,2.9,4189.22,0,0
2026-01-13,SKU012,Home Decor,Table,23.39,205349.46,0,0
2026-01-13,SKU013,Kitchen,Cushion,13.04,75081.45,0,0
2026-01-13,SKU014,Lighting,Cookware,18.97,43076.13,0,0
2026-01-13,SKU015,Storage,Lamp,4.02,24972.72,0,0
2026-01-13,SKU016,Furniture,Shelf,13.31,28840.37,0,0
2026-01-13,SKU017,Home Decor,Cabinet,13.81,117071.79,0,0
2026-01-13,SKU018,Kitchen,Rug,23.17,129182.25,0,0
2026-01-13,SKU019,Lighting,Organizer,16.5,79527.53,0,0
2026-01-13,SKU020,Storage,Sofa,13.22,51525.48,0,0
2026-01-13,SKU021,Furniture,Chair,8.07,62230.03,0,0
2026-01-13,SKU022,Home Decor,Table,9.82,45142.83,0,0
2026-01-13,SKU023,Kitchen,Cushion,15.07,21350.27,0,0
2026-01-13,SKU024,Lighting,Cookware,11.63,20571.96,0,0
2026-01-13,SKU025,Storage,Lamp,2.9,33518.23,0,0
2026-01-13,SKU026,Furniture,Shelf,22.36,244608.11,0,0
2026-01-13,SKU027,Home Decor,Cabinet,23.63,201247.26,0,0
2026-01-13,SKU028,Kitchen,Rug,4.78,16653.95,0,0
2026-01-13,SKU029,Lighting,Organizer,15.6,181622.22,0,0
2026-01-13,SKU030,Storage,Sofa,4.57,43111.14,0,0
2026-01-13,SKU031,Furniture,Chair,17.97,156625.26,0,0
2026-01-13,SKU032,Home Decor,Table,9.03,50681.69,0,0
2026-01-13,SKU033,Kitchen,Cushion,16.79,59738.82,0,0
2026-01-13,SKU034,Lighting,Cookware,18.6,28237.4,0,0
2026-01-13,SKU035,Storage,Lamp,20.93,227513.08,0,0
2026-01-13,SKU036,Furniture,Shelf,4.68,26615.16,0,0
2026-01-13,SKU037,Home Decor,Cabinet,22.48,61762.0,0,0
2026-01-13,SKU038,Kitchen,Rug,7.91,31237.38,0,0
2026-01-13,SKU039,Lighting,Organizer,3.11,22139.93,0,0
2026-01-13,SKU040,Storage,Sofa,13.8,33817.73,0,0
2026-01-13,SKU041,Furniture,Chair,10.52,108742.4,0,0
2026-01-13,SKU042,Home Decor,Table,22.95,211113.15,0,0
2026-01-13,SKU043,Kitchen,Cushion,21.75,190220.5,0,0
2026-01-13,SKU044,Lighting,Cookware,9.29,50280.08,0,0
2026-01-13,SKU045,Storage,Lamp,22.6,173495.23,0,0
2026-01-13,SKU046,Furniture,Shelf,8.64,61996.67,0,0
2026-01-13,SKU047,Home Decor,Cabinet,13.84,109864.96,0,0
2026-01-13,SKU048,Kitchen,Rug,7.89,10884.65,0,0
2026-01-13,SKU049,Lighting,Organizer,23.13,120816.55,0,0
2026-01-13,SKU050,Storage,Sofa,6.65,5870.09,0,0
2026-01-14,SKU001,Furniture,Chair,13.15,48182.26,0,0
2026-01-14,SKU002,Home Decor,Table,9.02,34327.32,0,0
2026-01-14,SKU003,Kitchen,Cushion,5.31,42895.4,0,0
2026-01-14,SKU004,Lighting,Cookware,4.53,31082.91,0,0
2026-01-14,SKU005,Storage,Lamp,16.72,158726.64,0,0
2026-01-14,SKU006,Furniture,Shelf,6.53,52932.44,0,0
2026-01-14,SKU007,Home Decor,Cabinet,23.27,119004.87,0,0
2026-01-14,SKU008,Kitchen,Rug,15.62,153742.04,0,0
2026-01-14,SKU009,Lighting,Organizer,10.55,24654.19,0,0
2026-01-14,SKU010,Storage,Sofa,16.51,10953.72,0,0
2026-01-14,SKU011,Furniture,Chair,2.9,4189.22,0,0
2026-01-14,SKU012,Home Decor,Table,24.57,215709.12,0,0
2026-01-14,SKU013,Kitchen,Cushion,13.04,75081.45,0,0
2026-01-14,SKU014,Lighting,Cookware,19.33,43893.6,0,0
2026-01-14,SKU015,Storage,Lamp,4.02,24972.72,0,0
2026-01-14,SKU016,Furniture,Shelf,13.55,29360.41,0,0
2026-01-14,SKU017,Home Decor,Cabinet,13.68,115969.74,0,0
2026-01-14,SKU018,Kitchen,Rug,23.47,130854.87,0,0
2026-01-14,SKU019,Lighting,Organizer,16.4,79045.54,0,0
2026-01-14,SKU020,Storage,Sofa,13.44,52382.94,0,0
2026-01-14,SKU021,Furniture,Chair,8.1,62461.37,0,0
2026-01-14,SKU022,Home Decor,Table,9.86,45326.72,0,0
2026-01-14,SKU023,Kitchen,Cushion,14.87,21066.92,0,0
2026-01-14,SKU024,Lighting,Cookware,11.75,20784.22,0,0
2026-01-14,SKU025,Storage,Lamp,2.9,33518.23,0,0
2026-01-14,SKU026,Furniture,Shelf,22.04,241107.46,0,0
2026-01-14,SKU027,Home Decor,Cabinet,24.03,204653.9,0,0
2026-01-14,SKU028,Kitchen,Rug,4.78,16653.95,0,0
2026-01-14,SKU029,Lighting,Organizer,15.13,176150.27,0,0
2026-01-14,SKU030,Storage,Sofa,4.57,43111.14,0,0
2026-01-14,SKU031,Furniture,Chair,17.77,154882.08,0,0
2026-01-14,SKU032,Home Decor,Table,9.07,50906.19,0,0
2026-01-14,SKU033,Kitchen,Cushion,17.24,61339.92,0,0
2026-01-14,SKU034,Lighting,Cookware,18.49,28070.41,0,0
2026-01-14,SKU035,Storage,Lamp,20.66,224578.13,0,0
2026-01-14,SKU036,Furniture,Shelf,4.72,26842.64,0,0
2026-01-14,SKU037,Home Decor,Cabinet,22.9,62915.92,0,0
2026-01-14,SKU038,Kitchen,Rug,7.88,31118.91,0,0
2026-01-14,SKU039,Lighting,Organizer,3.11,22139.93,0,0
2026-01-14,SKU040,Storage,Sofa,14.01,34332.35,0,0
2026-01-14,SKU041,Furniture,Chair,10.64,109982.81,0,0
2026-01-14,SKU042,Home Decor,Table,22.95,211113.15,0,0
2026-01-14,SKU043,Kitchen,Cushion,21.52,188208.97,0,0
2026-01-14,SKU044,Lighting,Cookware,8.85,47898.68,0,0
2026-01-14,SKU045,Storage,Lamp,23.55,180788.17,0,0
2026-01-14,SKU046,Furniture,Shelf,8.62,61853.15,0,0
2026-01-14,SKU047,Home Decor,Cabinet,13.78,109388.67,0,0
2026-01-14,SKU048,Kitchen,Rug,7.99,11022.6,0,0
2026-01-14,SKU049,Lighting,Organizer,24.0,125360.88,0,0
2026-01-14,SKU050,Storage,Sofa,6.65,5870.09,0,0
2026-01-15,SKU001,Furniture,Chair,13.23,48475.38,0,0
2026-01-15,SKU002,Home Decor,Table,8.97,34137.04,0,0
2026-01-15,SKU003,Kitchen,Cushion,5.31,42895.4,0,0
2026-01-15,SKU004,Lighting,Cookware,4.48,30739.83,0,0
2026-01-15,SKU005,Storage,Lamp,16.47,156353.33,0,0
2026-01-15,SKU006,Furniture,Shelf,6.49,52608.2,0,0
2026-01-15,SKU007,Home Decor,Cabinet,23.45,119925.41,0,0
2026-01-15,SKU008,Kitchen,Rug,16.0,157482.24,0,0
2026-01-15,SKU009,Lighting,Organizer,10.57,24700.93,0,0
2026-01-15,SKU010,Storage,Sofa,16.29,10807.76,0,0
2026-01-15,SKU011,Furniture,Chair,2.9,4189.22,0,0
2026-01-15,SKU012,Home Decor,Table,24.86,218255.14,0,0
2026-01-15,SKU013,Kitchen,Cushion,12.94,74505.67,0,0
2026-01-15,SKU014,Lighting,Cookware,19.0,43144.25,0,0
2026-01-15,SKU015,Storage,Lamp,4.02,24972.72,0,0
2026-01-15,SKU016,Furniture,Shelf,13.74,29772.11,0,0
2026-01-15,SKU017,Home Decor,Cabinet,13.68,115969.74,0,0
2026-01-15,SKU018,Kitchen,Rug,23.38,130353.09,0,0
2026-01-15,SKU019,Lighting,Organizer,16.15,77840.58,0,0
2026-01-15,SKU020,Storage,Sofa,13.51,52655.77,0,0
2026-01-15,SKU021,Furniture,Chair,8.06,62152.92,0,0
2026-01-15,SKU022,Home Decor,Table,9.87,45372.69,0,0
2026-01-15,SKU023,Kitchen,Cushion,14.82,20996.09,0,0
2026-01-15,SKU024,Lighting,Cookware,11.71,20713.47,0,0
2026-01-15,SKU025,Storage,Lamp,2.9,33518.23,0,0
2026-01-15,SKU026,Furniture,Shelf,20.97,229402.15,0,0
2026-01-15,SKU027,Home Decor,Cabinet,24.04,204739.06,0,0
2026-01-15,SKU028,Kitchen,Rug,4.78,16653.95,0,0
2026-01-15,SKU029,Lighting,Organizer,15.09,175684.57,0,0
2026-01-15,SKU030,Storage,Sofa,4.57,43111.14,0,0
2026-01-15,SKU031,Furniture,Chair,17.58,153226.05,0,0
2026-01-15,SKU032,Home Decor,Table,9.07,50906.19,0,0
2026-01-15,SKU033,Kitchen,Cushion,16.88,60059.04,0,0
2026-01-15,SKU034,Lighting,Cookware,18.49,28070.41,0,0
2026-01-15,SKU035,Storage,Lamp,20.1,218490.82,0,0
2026-01-15,SKU036,Furniture,Shelf,4.75,27013.25,0,0
2026-01-15,SKU037,Home Decor,Cabinet,22.53,61899.37,0,0
2026-01-15,SKU038,Kitchen,Rug,7.84,30960.94,0,0
2026-01-15,SKU039,Lighting,Organizer,3.11,22139.93,0,0
2026-01-15,SKU040,Storage,Sofa,14.3,35043.01,0,0
2026-01-15,SKU041,Furniture,Chair,10.57,109259.24,0,0
2026-01-15,SKU042,Home Decor,Table,22.62,208077.53,0,0
2026-01-15,SKU043,Kitchen,Cushion,21.62,189083.55,0,0
2026-01-15,SKU044,Lighting,Cookware,8.98,48602.27,0,0
2026-01-15,SKU045,Storage,Lamp,23.56,180864.94,0,0
2026-01-15,SKU046,Furniture,Shelf,8.6,61709.64,0,0
2026-01-15,SKU047,Home Decor,Cabinet,14.51,115183.57,0,0
2026-01-15,SKU048,Kitchen,Rug,7.89,10884.65,0,0
2026-01-15,SKU049,Lighting,Organizer,23.95,125099.71,0,0
2026-01-15,SKU050,Storage,Sofa,6.65,5870.09,0,0
2026-01-16,SKU001,Furniture,Chair,13.14,48145.62,0,0
2026-01-16,SKU002,Home Decor,Table,8.99,34213.15,0,0
2026-01-16,SKU003,Kitchen,Cushion,5.32,42976.18,0,0
2026-01-16,SKU004,Lighting,Cookware,4.57,31357.37,0,0
2026-01-16,SKU005,Storage,Lamp,16.76,159106.37,0,0
2026-01-16,SKU006,Furniture,Shelf,6.91,56012.74,0,0
2026-01-16,SKU007,Home Decor,Cabinet,23.2,118646.89,0,0
2026-01-16,SKU008,Kitchen,Rug,16.1,158466.5,0,0
2026-01-16,SKU009,Lighting,Organizer,10.55,24654.19,0,0
2026-01-16,SKU010,Storage,Sofa,16.82,11159.4,0,0
2026-01-16,SKU011,Furniture,Chair,2.91,4203.67,0,0
2026-01-16,SKU012,Home Decor,Table,24.97,219220.87,0,0
2026-01-16,SKU013,Kitchen,Cushion,13.08,75311.76,0,0
2026-01-16,SKU014,Lighting,Cookware,19.43,44120.67,0,0
2026-01-16,SKU015,Storage,Lamp,4.03,25034.84,0,0
2026-01-16,SKU016,Furniture,Shelf,13.73,29750.44,0,0
2026-01-16,SKU017,Home Decor,Cabinet,13.83,117241.34,0,0
2026-01-16,SKU018,Kitchen,Rug,23.44,130687.61,0,0
2026-01-16,SKU019,Lighting,Organizer,16.23,78226.17,0,0
2026-01-16,SKU020,Storage,Sofa,13.71,53435.27,0,0
2026-01-16,SKU021,Furniture,Chair,8.09,62384.26,0,0
2026-01-16,SKU022,Home Decor,Table,10.26,47165.53,0,0
2026-01-16,SKU023,Kitchen,Cushion,14.82,20996.09,0,0
2026-01-16,SKU024,Lighting,Cookware,11.82,20908.04,0,0
2026-01-16,SKU025,Storage,Lamp,2.91,33633.81,0,0
2026-01-16,SKU026,Furniture,Shelf,20.97,229402.15,0,0
2026-01-16,SKU027,Home Decor,Cabinet,24.07,204994.56,0,0
2026-01-16,SKU028,Kitchen,Rug,4.79,16688.79,0,0
2026-01-16,SKU029,Lighting,Organizer,15.23,177314.51,0,0
2026-01-16,SKU030,Storage,Sofa,4.58,43205.48,0,0
2026-01-16,SKU031,Furniture,Chair,17.64,153749.01,0,0
2026-01-16,SKU032,Home Decor,Table,9.08,50962.32,0,0
2026-01-16,SKU033,Kitchen,Cushion,17.12,60912.96,0,0
2026-01-16,SKU034,Lighting,Cookware,18.6,28237.4,0,0
2026-01-16,SKU035,Storage,Lamp,20.1,218490.82,0,0
2026-01-16,SKU036,Furniture,Shelf,4.69,26672.03,0,0
2026-01-16,SKU037,Home Decor,Cabinet,22.53,61899.37,0,0
2026-01-16,SKU038,Kitchen,Rug,7.83,30921.45,0,0
2026-01-16,SKU039,Lighting,Organizer,3.12,22211.12,0,0
2026-01-16,SKU040,Storage,Sofa,14.38,35239.05,0,0
2026-01-16,SKU041,Furniture,Chair,10.75,111119.85,0,0
2026-01-16,SKU042,Home Decor,Table,22.69,208721.45,0,0
2026-01-16,SKU043,Kitchen,Cushion,21.57,188646.26,0,0
2026-01-16,SKU044,Lighting,Cookware,9.41,50929.55,0,0
2026-01-16,SKU045,Storage,Lamp,24.71,189693.23,0,0
2026-01-16,SKU046,Furniture,Shelf,8.64,61996.67,0,0
2026-01-16,SKU047,Home Decor,Cabinet,13.97,110896.93,0,0
2026-01-16,SKU048,Kitchen,Rug,7.92,10926.04,0,0
2026-01-16,SKU049,Lighting,Organizer,24.08,125778.75,0,0
2026-01-16,SKU050,Storage,Sofa,6.75,5958.36,0,0
2026-01-17,SKU001,Furniture,Chair,15.12,55400.44,0,0
2026-01-17,SKU002,Home Decor,Table,10.12,38513.58,0,0
2026-01-17,SKU003,Kitchen,Cushion,5.67,45803.56,0,0
2026-01-17,SKU004,Lighting,Cookware,4.83,33141.38,0,0
2026-01-17,SKU005,Storage,Lamp,18.6,176573.89,0,0
2026-01-17,SKU006,Furniture,Shelf,7.34,59498.33,0,0
2026-01-17,SKU007,Home Decor,Cabinet,27.13,138745.26,0,0
2026-01-17,SKU008,Kitchen,Rug,18.48,181891.99,0,0
2026-01-17,SKU009,Lighting,Organizer,11.74,27435.09,0,0
2026-01-17,SKU010,Storage,Sofa,18.6,12340.36,0,0
2026-01-17,SKU011,Furniture,Chair,3.19,4608.15,0,0
2026-01-17,SKU012,Home Decor,Table,28.14,247051.47,0,0
2026-01-17,SKU013,Kitchen,Cushion,14.43,83084.77,0,0
2026-01-17,SKU014,Lighting,Cookware,21.78,49456.94,0,0
2026-01-17,SKU015,Storage,Lamp,4.45,27643.93,0,0
2026-01-17,SKU016,Furniture,Shelf,15.17,32870.66,0,0
2026-01-17,SKU017,Home Decor,Cabinet,15.28,129533.45,0,0
2026-01-17,SKU018,Kitchen,Rug,27.99,156055.73,0,0
2026-01-17,SKU019,Lighting,Organizer,18.14,87432.08,0,0
2026-01-17,SKU020,Storage,Sofa,15.12,58930.8,0,0
2026-01-17,SKU021,Furniture,Chair,8.5,65545.88,0,0
2026-01-17,SKU022,Home Decor,Table,11.12,51118.97,0,0
2026-01-17,SKU023,Kitchen,Cushion,16.78,23772.9,0,0
2026-01-17,SKU024,Lighting,Cookware,13.29,23508.28,0,0
2026-01-17,SKU025,Storage,Lamp,3.19,36870.05,0,0
2026-01-17,SKU026,Furniture,Shelf,24.33,266159.01,0,0
2026-01-17,SKU027,Home Decor,Cabinet,28.24,240508.78,0,0
2026-01-17,SKU028,Kitchen,Rug,5.13,17873.38,0,0
2026-01-17,SKU029,Lighting,Organizer,16.55,192682.55,0,0
2026-01-17,SKU030,Storage,Sofa,4.92,46412.87,0,0
2026-01-17,SKU031,Furniture,Chair,18.88,164556.76,0,0
2026-01-17,SKU032,Home Decor,Table,10.03,56294.28,0,0
2026-01-17,SKU033,Kitchen,Cushion,19.22,68384.76,0,0
2026-01-17,SKU034,Lighting,Cookware,20.55,31197.78,0,0
2026-01-17,SKU035,Storage,Lamp,23.06,250666.58,0,0
2026-01-17,SKU036,Furniture,Shelf,5.03,28605.61,0,0
2026-01-17,SKU037,Home Decor,Cabinet,27.53,75636.47,0,0
2026-01-17,SKU038,Kitchen,Rug,8.39,33132.95,0,0
2026-01-17,SKU039,Lighting,Organizer,3.35,23848.48,0,0
2026-01-17,SKU040,Storage,Sofa,16.19,39674.57,0,0
2026-01-17,SKU041,Furniture,Chair,11.84,122386.88,0,0
2026-01-17,SKU042,Home Decor,Table,26.67,245332.8,0,0
2026-01-17,SKU043,Kitchen,Cushion,25.34,221617.81,0,0
2026-01-17,SKU044,Lighting,Cookware,10.27,55584.12,0,0
2026-01-17,SKU045,Storage,Lamp,28.34,217559.95,0,0
2026-01-17,SKU046,Furniture,Shelf,9.42,67593.59,0,0
2026-01-17,SKU047,Home Decor,Cabinet,15.73,124868.2,0,0
2026-01-17,SKU048,Kitchen,Rug,8.44,11643.4,0,0
2026-01-17,SKU049,Lighting,Organizer,27.97,146097.66,0,0
2026-01-17,SKU050,Storage,Sofa,7.33,6470.34,0,0
2026-01-18,SKU001,Furniture,Chair,15.32,56133.25,0,0
2026-01-18,SKU002,Home Decor,Table,10.6,40340.31,0,0
2026-01-18,SKU003,Kitchen,Cushion,5.67,45803.56,0,0
2026-01-18,SKU004,Lighting,Cookware,4.9,33621.69,0,0
2026-01-18,SKU005,Storage,Lamp,18.68,177333.35,0,0
2026-01-18,SKU006,Furniture,Shelf,7.39,59903.64,0,0
2026-01-18,SKU007,Home Decor,Cabinet,27.69,141609.15,0,0
2026-01-18,SKU008,Kitchen,Rug,18.23,179431.33,0,0
2026-01-18,SKU009,Lighting,Organizer,11.74,27435.09,0,0
2026-01-18,SKU010,Storage,Sofa,18.76,12446.51,0,0
2026-01-18,SKU011,Furniture,Chair,3.19,4608.15,0,0
2026-01-18,SKU012,Home Decor,Table,28.45,249773.08,0,0
2026-01-18,SKU013,Kitchen,Cushion,14.19,81702.9,0,0
2026-01-18,SKU014,Lighting,Cookware,22.03,50024.62,0,0
2026-01-18,SKU015,Storage,Lamp,4.41,27395.45,0,0
2026-01-18,SKU016,Furniture,Shelf,15.33,33217.35,0,0
2026-01-18,SKU017,Home Decor,Cabinet,15.2,128855.26,0,0
2026-01-18,SKU018,Kitchen,Rug,28.04,156334.5,0,0
2026-01-18,SKU019,Lighting,Organizer,18.15,87480.28,0,0
2026-01-18,SKU020,Storage,Sofa,15.12,58930.8,0,0
2026-01-18,SKU021,Furniture,Chair,8.75,67473.7,0,0
2026-01-18,SKU022,Home Decor,Table,11.41,52452.11,0,0
2026-01-18,SKU023,Kitchen,Cushion,16.97,24042.08,0,0
2026-01-18,SKU024,Lighting,Cookware,13.41,23720.55,0,0
2026-01-18,SKU025,Storage,Lamp,3.19,36870.05,0,0
2026-01-18,SKU026,Furniture,Shelf,23.61,258282.54,0,0
2026-01-18,SKU027,Home Decor,Cabinet,28.24,240508.78,0,0
2026-01-18,SKU028,Kitchen,Rug,5.13,17873.38,0,0
2026-01-18,SKU029,Lighting,Organizer,16.79,195476.74,0,0
2026-01-18,SKU030,Storage,Sofa,4.92,46412.87,0,0
2026-01-18,SKU031,Furniture,Chair,19.08,166299.94,0,0
2026-01-18,SKU032,Home Decor,Table,10.03,56294.28,0,0
2026-01-18,SKU033,Kitchen,Cushion,19.22,68384.76,0,0
2026-01-18,SKU034,Lighting,Cookware,20.39,30954.87,0,0
2026-01-18,SKU035,Storage,Lamp,23.02,250231.77,0,0
2026-01-18,SKU036,Furniture,Shelf,5.03,28605.61,0,0
2026-01-18,SKU037,Home Decor,Cabinet,27.2,74729.82,0,0
2026-01-18,SKU038,Kitchen,Rug,8.77,34633.61,0,0
2026-01-18,SKU039,Lighting,Organizer,3.71,26411.3,0,0
2026-01-18,SKU040,Storage,Sofa,16.19,39674.57,0,0
2026-01-18,SKU041,Furniture,Chair,11.96,123627.29,0,0
2026-01-18,SKU042,Home Decor,Table,26.31,242021.22,0,0
2026-01-18,SKU043,Kitchen,Cushion,25.36,221792.73,0,0
2026-01-18,SKU044,Lighting,Cookware,10.36,56071.22,0,0
2026-01-18,SKU045,Storage,Lamp,28.09,215640.75,0,0
2026-01-18,SKU046,Furniture,Shelf,9.42,67593.59,0,0
2026-01-18,SKU047,Home Decor,Cabinet,15.73,124868.2,0,0
2026-01-18,SKU048,Kitchen,Rug,8.44,11643.4,0,0
2026-01-18,SKU049,Lighting,Organizer,27.81,145261.92,0,0
2026-01-18,SKU050,Storage,Sofa,7.42,6549.78,0,0
2026-01-19,SKU001,Furniture,Chair,13.37,48988.35,0,0
2026-01-19,SKU002,Home Decor,Table,9.42,35849.6,0,0
2026-01-19,SKU003,Kitchen,Cushion,5.31,42895.4,0,0
2026-01-19,SKU004,Lighting,Cookware,4.48,30739.83,0,0
2026-01-19,SKU005,Storage,Lamp,16.58,157397.59,0,0
2026-01-19,SKU006,Furniture,Shelf,6.76,54796.83,0,0
2026-01-19,SKU007,Home Decor,Cabinet,23.41,119720.85,0,0
2026-01-19,SKU008,Kitchen,Rug,16.03,157777.52,0,0
2026-01-19,SKU009,Lighting,Organizer,10.55,24654.19,0,0
2026-01-19,SKU010,Storage,Sofa,16.73,11099.69,0,0
2026-01-19,SKU011,Furniture,Chair,2.9,4189.22,0,0
2026-01-19,SKU012,Home Decor,Table,23.38,205261.67,0,0
2026-01-19,SKU013,Kitchen,Cushion,12.92,74390.52,0,0
2026-01-19,SKU014,Lighting,Cookware,19.53,44347.75,0,0
2026-01-19,SKU015,Storage,Lamp,4.02,24972.72,0,0
2026-01-19,SKU016,Furniture,Shelf,13.66,29598.76,0,0
2026-01-19,SKU017,Home Decor,Cabinet,13.79,116902.24,0,0
2026-01-19,SKU018,Kitchen,Rug,23.27,129739.79,0,0
2026-01-19,SKU019,Lighting,Organizer,16.16,77888.78,0,0
2026-01-19,SKU020,Storage,Sofa,13.55,52811.67,0,0
2026-01-19,SKU021,Furniture,Chair,8.06,62152.92,0,0
2026-01-19,SKU022,Home Decor,Table,10.27,47211.5,0,0
2026-01-19,SKU023,Kitchen,Cushion,14.88,21081.09,0,0
2026-01-19,SKU024,Lighting,Cookware,11.75,20784.22,0,0
2026-01-19,SKU025,Storage,Lamp,2.9,33518.23,0,0
2026-01-19,SKU026,Furniture,Shelf,20.97,229402.15,0,0
2026-01-19,SKU027,Home Decor,Cabinet,23.63,201247.26,0,0
2026-01-19,SKU028,Kitchen,Rug,5.11,17803.7,0,0
2026-01-19,SKU029,Lighting,Organizer,15.09,175684.57,0,0
2026-01-19,SKU030,Storage,Sofa,4.57,43111.14,0,0
2026-01-19,SKU031,Furniture,Chair,17.63,153661.85,0,0
2026-01-19,SKU032,Home Decor,Table,8.58,48156.02,0,0
2026-01-19,SKU033,Kitchen,Cushion,16.71,59454.18,0,0
2026-01-19,SKU034,Lighting,Cookware,18.49,28070.41,0,0
2026-01-19,SKU035,Storage,Lamp,19.99,217295.1,0,0
2026-01-19,SKU036,Furniture,Shelf,4.68,26615.16,0,0
2026-01-19,SKU037,Home Decor,Cabinet,23.15,63602.77,0,0
2026-01-19,SKU038,Kitchen,Rug,7.81,30842.47,0,0
2026-01-19,SKU039,Lighting,Organizer,3.38,24062.05,0,0
2026-01-19,SKU040,Storage,Sofa,14.17,34724.44,0,0
2026-01-19,SKU041,Furniture,Chair,10.77,111326.58,0,0
2026-01-19,SKU042,Home Decor,Table,21.93,201730.34,0,0
2026-01-19,SKU043,Kitchen,Cushion,21.61,188996.09,0,0
2026-01-19,SKU044,Lighting,Cookware,9.29,50280.08,0,0
2026-01-19,SKU045,Storage,Lamp,23.03,176796.24,0,0
2026-01-19,SKU046,Furniture,Shelf,8.62,61853.15,0,0
2026-01-19,SKU047,Home Decor,Cabinet,13.85,109944.35,0,0
2026-01-19,SKU048,Kitchen,Rug,7.89,10884.65,0,0
2026-01-19,SKU049,Lighting,Organizer,23.29,121652.29,0,0
2026-01-19,SKU050,Storage,Sofa,6.87,6064.29,0,0
2026-01-20,SKU001,Furniture,Chair,13.33,48841.79,0,0
2026-01-20,SKU002,Home Decor,Table,9.55,36344.34,0,0
2026-01-20,SKU003,Kitchen,Cushion,5.36,43299.31,0,0
2026-01-20,SKU004,Lighting,Cookware,4.53,31082.91,0,0
2026-01-20,SKU005,Storage,Lamp,16.4,155688.81,0,0
2026-01-20,SKU006,Furniture,Shelf,6.91,56012.74,0,0
2026-01-20,SKU007,Home Decor,Cabinet,23.4,119669.71,0,0
2026-01-20,SKU008,Kitchen,Rug,15.99,157383.81,0,0
2026-01-20,SKU009,Lighting,Organizer,10.55,24654.19,0,0
2026-01-20,SKU010,Storage,Sofa,16.5,10947.09,0,0
2026-01-20,SKU011,Furniture,Chair,2.9,4189.22,0,0
2026-01-20,SKU012,Home Decor,Table,23.42,205612.85,0,0
2026-01-20,SKU013,Kitchen,Cushion,12.96,74620.83,0,0
2026-01-20,SKU014,Lighting,Cookware,19.51,44302.33,0,0
2026-01-20,SKU015,Storage,Lamp,4.02,24972.72,0,0
2026-01-20,SKU016,Furniture,Shelf,13.66,29598.76,0,0
2026-01-20,SKU017,Home Decor,Cabinet,13.79,116902.24,0,0
2026-01-20,SKU018,Kitchen,Rug,23.47,130854.87,0,0
2026-01-20,SKU019,Lighting,Organizer,16.17,77936.97,0,0
2026-01-20,SKU020,Storage,Sofa,13.55,52811.67,0,0
2026-01-20,SKU021,Furniture,Chair,8.25,63618.06,0,0
2026-01-20,SKU022,Home Decor,Table,10.33,47487.32,0,0
2026-01-20,SKU023,Kitchen,Cushion,14.88,21081.09,0,0
2026-01-20,SKU024,Lighting,Cookware,11.75,20784.22,0,0
2026-01-20,SKU025,Storage,Lamp,2.9,33518.23,0,0
2026-01-20,SKU026,Furniture,Shelf,21.0,229730.34,0,0
2026-01-20,SKU027,Home Decor,Cabinet,23.63,201247.26,0,0
2026-01-20,SKU028,Kitchen,Rug,5.16,17977.9,0,0
2026-01-20,SKU029,Lighting,Organizer,15.05,175218.87,0,0
2026-01-20,SKU030,Storage,Sofa,4.57,43111.14,0,0
2026-01-20,SKU031,Furniture,Chair,17.95,156450.94,0,0
2026-01-20,SKU032,Home Decor,Table,9.02,50625.56,0,0
2026-01-20,SKU033,Kitchen,Cushion,16.83,59881.14,0,0
2026-01-20,SKU034,Lighting,Cookware,18.49,28070.41,0,0
2026-01-20,SKU035,Storage,Lamp,19.99,217295.1,0,0
2026-01-20,SKU036,Furniture,Shelf,4.68,26615.16,0,0
2026-01-20,SKU037,Home Decor,Cabinet,22.92,62970.87,0,0
2026-01-20,SKU038,Kitchen,Rug,7.87,31079.42,0,0
2026-01-20,SKU039,Lighting,Organizer,3.43,24418.0,0,0
2026-01-20,SKU040,Storage,Sofa,14.18,34748.94,0,0
2026-01-20,SKU041,Furniture,Chair,10.71,110706.38,0,0
2026-01-20,SKU042,Home Decor,Table,22.62,208077.53,0,0
2026-01-20,SKU043,Kitchen,Cushion,21.57,188646.26,0,0
2026-01-20,SKU044,Lighting,Cookware,9.29,50280.08,0,0
2026-01-20,SKU045,Storage,Lamp,23.41,179713.42,0,0
2026-01-20,SKU046,Furniture,Shelf,8.62,61853.15,0,0
2026-01-20,SKU047,Home Decor,Cabinet,13.93,110579.4,0,0
2026-01-20,SKU048,Kitchen,Rug,7.84,10815.67,0,0
2026-01-20,SKU049,Lighting,Organizer,23.39,122174.62,0,0
2026-01-20,SKU050,Storage,Sofa,6.81,6011.32,0,0
2026-01-21,SKU001,Furniture,Chair,13.14,48145.62,0,0
2026-01-21,SKU002,Home Decor,Table,9.5,36154.06,0,0
2026-01-21,SKU003,Kitchen,Cushion,5.31,42895.4,0,0
2026-01-21,SKU004,Lighting,Cookware,4.48,30739.83,0,0
2026-01-21,SKU005,Storage,Lamp,16.05,152366.18,0,0
2026-01-21,SKU006,Furniture,Shelf,6.87,55688.49,0,0
2026-01-21,SKU007,Home Decor,Cabinet,23.73,121357.36,0,0
2026-01-21,SKU008,Kitchen,Rug,15.64,153938.89,0,0
2026-01-21,SKU009,Lighting,Organizer,10.59,24747.67,0,0
2026-01-21,SKU010,Storage,Sofa,16.28,10801.13,0,0
2026-01-21,SKU011,Furniture,Chair,2.9,4189.22,0,0
2026-01-21,SKU012,Home Decor,Table,25.09,220274.39,0,0
2026-01-21,SKU013,Kitchen,Cushion,12.59,72490.45,0,0
2026-01-21,SKU014,Lighting,Cookware,19.26,43734.64,0,0
2026-01-21,SKU015,Storage,Lamp,4.14,25718.18,0,0
2026-01-21,SKU016,Furniture,Shelf,13.6,29468.75,0,0
2026-01-21,SKU017,Home Decor,Cabinet,13.82,117156.56,0,0
2026-01-21,SKU018,Kitchen,Rug,23.68,132025.71,0,0
2026-01-21,SKU019,Lighting,Organizer,15.77,76009.03,0,0
2026-01-21,SKU020,Storage,Sofa,13.35,52032.16,0,0
2026-01-21,SKU021,Furniture,Chair,8.21,63309.61,0,0
2026-01-21,SKU022,Home Decor,Table,10.23,47027.62,0,0
2026-01-21,SKU023,Kitchen,Cushion,14.59,20670.24,0,0
2026-01-21,SKU024,Lighting,Cookware,11.7,20695.78,0,0
2026-01-21,SKU025,Storage,Lamp,2.9,33518.23,0,0
2026-01-21,SKU026,Furniture,Shelf,20.8,227542.43,0,0
2026-01-21,SKU027,Home Decor,Cabinet,24.07,204994.56,0,0
2026-01-21,SKU028,Kitchen,Rug,5.16,17977.9,0,0
2026-01-21,SKU029,Lighting,Organizer,15.23,177314.51,0,0
2026-01-21,SKU030,Storage,Sofa,4.57,43111.14,0,0
2026-01-21,SKU031,Furniture,Chair,18.05,157322.54,0,0
2026-01-21,SKU032,Home Decor,Table,9.12,51186.82,0,0
2026-01-21,SKU033,Kitchen,Cushion,16.63,59169.54,0,0
2026-01-21,SKU034,Lighting,Cookware,18.54,28146.32,0,0
2026-01-21,SKU035,Storage,Lamp,19.79,215121.06,0,0
2026-01-21,SKU036,Furniture,Shelf,4.72,26842.64,0,0
2026-01-21,SKU037,Home Decor,Cabinet,23.42,64344.58,0,0
2026-01-21,SKU038,Kitchen,Rug,7.87,31079.42,0,0
2026-01-21,SKU039,Lighting,Organizer,3.11,22139.93,0,0
2026-01-21,SKU040,Storage,Sofa,13.66,33474.65,0,0
2026-01-21,SKU041,Furniture,Chair,10.83,111946.79,0,0
2026-01-21,SKU042,Home Decor,Table,22.82,209917.3,0,0
2026-01-21,SKU043,Kitchen,Cushion,22.03,192669.31,0,0
2026-01-21,SKU044,Lighting,Cookware,9.29,50280.08,0,0
2026-01-21,SKU045,Storage,Lamp,25.06,192380.11,0,0
2026-01-21,SKU046,Furniture,Shelf,8.57,61494.38,0,0
2026-01-21,SKU047,Home Decor,Cabinet,14.32,113675.31,0,0
2026-01-21,SKU048,Kitchen,Rug,7.85,10829.47,0,0
2026-01-21,SKU049,Lighting,Organizer,24.52,128077.03,0,0
2026-01-21,SKU050,Storage,Sofa,6.76,5967.19,0,0
2026-01-22,SKU001,Furniture,Chair,13.23,48475.38,0,0
2026-01-22,SKU002,Home Decor,Table,9.59,36496.57,0,0
2026-01-22,SKU003,Kitchen,Cushion,5.31,42895.4,0,0
2026-01-22,SKU004,Lighting,Cookware,4.48,30739.83,0,0
2026-01-22,SKU005,Storage,Lamp,16.22,153980.03,0,0
2026-01-22,SKU006,Furniture,Shelf,6.76,54796.83,0,0
2026-01-22,SKU007,Home Decor,Cabinet,23.85,121971.05,0,0
2026-01-22,SKU008,Kitchen,Rug,15.77,155218.43,0,0
2026-01-22,SKU009,Lighting,Organizer,10.56,24677.56,0,0
2026-01-22,SKU010,Storage,Sofa,16.17,10728.15,0,0
2026-01-22,SKU011,Furniture,Chair,2.9,4189.22,0,0
2026-01-22,SKU012,Home Decor,Table,24.97,219220.87,0,0
2026-01-22,SKU013,Kitchen,Cushion,12.67,72951.07,0,0
2026-01-22,SKU014,Lighting,Cookware,19.35,43939.01,0,0
2026-01-22,SKU015,Storage,Lamp,4.14,25718.18,0,0
2026-01-22,SKU016,Furniture,Shelf,13.68,29642.1,0,0
2026-01-22,SKU017,Home Decor,Cabinet,13.84,117326.11,0,0
2026-01-22,SKU018,Kitchen,Rug,24.01,133865.59,0,0
2026-01-22,SKU019,Lighting,Organizer,15.85,76394.62,0,0
2026-01-22,SKU020,Storage,Sofa,13.47,52499.86,0,0
2026-01-22,SKU021,Furniture,Chair,8.2,63232.5,0,0
2026-01-22,SKU022,Home Decor,Table,10.22,46981.65,0,0
2026-01-22,SKU023,Kitchen,Cushion,14.46,20486.06,0,0
2026-01-22,SKU024,Lighting,Cookware,11.71,20713.47,0,0
2026-01-22,SKU025,Storage,Lamp,2.9,33518.23,0,0
2026-01-22,SKU026,Furniture,Shelf,20.99,229620.94,0,0
2026-01-22,SKU027,Home Decor,Cabinet,24.07,204994.56,0,0
2026-01-22,SKU028,Kitchen,Rug,5.18,18047.59,0,0
2026-01-22,SKU029,Lighting,Organizer,14.78,172075.41,0,0
2026-01-22,SKU030,Storage,Sofa,4.57,43111.14,0,0
2026-01-22,SKU031,Furniture,Chair,18.05,157322.54,0,0
2026-01-22,SKU032,Home Decor,Table,9.13,51242.95,0,0
2026-01-22,SKU033,Kitchen,Cushion,16.66,59276.28,0,0
2026-01-22,SKU034,Lighting,Cookware,18.38,27903.41,0,0
2026-01-22,SKU035,Storage,Lamp,19.9,216316.78,0,0
2026-01-22,SKU036,Furniture,Shelf,4.68,26615.16,0,0
2026-01-22,SKU037,Home Decor,Cabinet,23.13,63547.82,0,0
2026-01-22,SKU038,Kitchen,Rug,7.76,30645.02,0,0
2026-01-22,SKU039,Lighting,Organizer,3.43,24418.0,0,0
2026-01-22,SKU040,Storage,Sofa,13.68,33523.66,0,0
2026-01-22,SKU041,Furniture,Chair,10.76,111223.21,0,0
2026-01-22,SKU042,Home Decor,Table,22.62,208077.53,0,0
2026-01-22,SKU043,Kitchen,Cushion,22.21,194243.55,0,0
2026-01-22,SKU044,Lighting,Cookware,9.38,50767.19,0,0
2026-01-22,SKU045,Storage,Lamp,24.95,191535.66,0,0
2026-01-22,SKU046,Furniture,Shelf,8.6,61709.64,0,0
2026-01-22,SKU047,Home Decor,Cabinet,13.84,109864.96,0,0
2026-01-22,SKU048,Kitchen,Rug,7.84,10815.67,0,0
2026-01-22,SKU049,Lighting,Organizer,24.52,128077.03,0,0
2026-01-22,SKU050,Storage,Sofa,6.81,6011.32,0,0
2026-01-23,SKU001,Furniture,Chair,13.26,48585.3,0,0
2026-01-23,SKU002,Home Decor,Table,9.76,37143.53,0,0
2026-01-23,SKU003,Kitchen,Cushion,5.37,43380.1,0,0
2026-01-23,SKU004,Lighting,Cookware,4.49,30808.45,0,0
2026-01-23,SKU005,Storage,Lamp,16.1,152840.84,0,0
2026-01-23,SKU006,Furniture,Shelf,6.87,55688.49,0,0
2026-01-23,SKU007,Home Decor,Cabinet,23.83,121868.76,0,0
2026-01-23,SKU008,Kitchen,Rug,15.8,155513.71,0,0
2026-01-23,SKU009,Lighting,Organizer,10.55,24654.19,0,0
2026-01-23,SKU010,Storage,Sofa,16.31,10821.03,0,0
2026-01-23,SKU011,Furniture,Chair,2.91,4203.67,0,0
2026-01-23,SKU012,Home Decor,Table,25.3,222118.06,0,0
2026-01-23,SKU013,Kitchen,Cushion,12.71,73181.38,0,0
2026-01-23,SKU014,Lighting,Cookware,19.36,43961.72,0,0
2026-01-23,SKU015,Storage,Lamp,4.2,26090.9,0,0
2026-01-23,SKU016,Furniture,Shelf,13.67,29620.43,0,0
2026-01-23,SKU017,Home Decor,Cabinet,13.83,117241.34,0,0
2026-01-23,SKU018,Kitchen,Rug,24.01,133865.59,0,0
2026-01-23,SKU019,Lighting,Organizer,15.87,76491.02,0,0
2026-01-23,SKU020,Storage,Sofa,13.51,52655.77,0,0
2026-01-23,SKU021,Furniture,Chair,8.34,64312.08,0,0
2026-01-23,SKU022,Home Decor,Table,10.26,47165.53,0,0
2026-01-23,SKU023,Kitchen,Cushion,14.66,20769.41,0,0
2026-01-23,SKU024,Lighting,Cookware,11.7,20695.78,0,0
2026-01-23,SKU025,Storage,Lamp,2.91,33633.81,0,0
2026-01-23,SKU026,Furniture,Shelf,21.38,233887.37,0,0
2026-01-23,SKU027,Home Decor,Cabinet,24.07,204994.56,0,0
2026-01-23,SKU028,Kitchen,Rug,5.12,17838.54,0,0
2026-01-23,SKU029,Lighting,Organizer,15.29,178013.06,0,0
2026-01-23,SKU030,Storage,Sofa,4.91,46318.53,0,0
2026-01-23,SKU031,Furniture,Chair,18.05,157322.54,0,0
2026-01-23,SKU032,Home Decor,Table,9.14,51299.07,0,0
2026-01-23,SKU033,Kitchen,Cushion,16.66,59276.28,0,0
2026-01-23,SKU034,Lighting,Cookware,18.38,27903.41,0,0
2026-01-23,SKU035,Storage,Lamp,19.9,216316.78,0,0
2026-01-23,SKU036,Furniture,Shelf,5.09,28946.83,0,0
2026-01-23,SKU037,Home Decor,Cabinet,23.13,63547.82,0,0
2026-01-23,SKU038,Kitchen,Rug,7.83,30921.45,0,0
2026-01-23,SKU039,Lighting,Organizer,3.12,22211.12,0,0
2026-01-23,SKU040,Storage,Sofa,13.76,33719.71,0,0
2026-01-23,SKU041,Furniture,Chair,10.75,111119.85,0,0
2026-01-23,SKU042,Home Decor,Table,22.62,208077.53,0,0
2026-01-23,SKU043,Kitchen,Cushion,22.26,194680.84,0,0
2026-01-23,SKU044,Lighting,Cookware,9.37,50713.06,0,0
2026-01-23,SKU045,Storage,Lamp,25.49,195681.12,0,0
2026-01-23,SKU046,Furniture,Shelf,8.64,61996.67,0,0
2026-01-23,SKU047,Home Decor,Cabinet,14.1,111928.9,0,0
2026-01-23,SKU048,Kitchen,Rug,7.88,10870.85,0,0
2026-01-23,SKU049,Lighting,Organizer,24.52,128077.03,0,0
2026-01-23,SKU050,Storage,Sofa,6.8,6002.5,0,0
2026-01-24,SKU001,Furniture,Chair,14.86,54447.78,0,0
2026-01-24,SKU002,Home Decor,Table,10.79,41063.4,0,0
2026-01-24,SKU003,Kitchen,Cushion,5.71,46126.69,0,0
2026-01-24,SKU004,Lighting,Cookware,4.83,33141.38,0,0
2026-01-24,SKU005,Storage,Lamp,18.03,171162.76,0,0
2026-01-24,SKU006,Furniture,Shelf,7.39,59903.64,0,0
2026-01-24,SKU007,Home Decor,Cabinet,27.99,143143.38,0,0
2026-01-24,SKU008,Kitchen,Rug,17.86,175789.55,0,0
2026-01-24,SKU009,Lighting,Organizer,11.74,27435.09,0,0
2026-01-24,SKU010,Storage,Sofa,18.29,12134.68,0,0
2026-01-24,SKU011,Furniture,Chair,3.19,4608.15,0,0
2026-01-24,SKU012,Home Decor,Table,28.45,249773.08,0,0
2026-01-24,SKU013,Kitchen,Cushion,14.59,84006.01,0,0
2026-01-24,SKU014,Lighting,Cookware,22.0,49956.5,0,0
2026-01-24,SKU015,Storage,Lamp,4.41,27395.45,0,0
2026-01-24,SKU016,Furniture,Shelf,15.26,33065.67,0,0
2026-01-24,SKU017,Home Decor,Cabinet,15.33,129957.32,0,0
2026-01-24,SKU018,Kitchen,Rug,28.19,157170.81,0,0
2026-01-24,SKU019,Lighting,Organizer,17.78,85696.93,0,0
2026-01-24,SKU020,Storage,Sofa,14.76,57527.69,0,0
2026-01-24,SKU021,Furniture,Chair,9.18,70789.55,0,0
2026-01-24,SKU022,Home Decor,Table,11.41,52452.11,0,0
2026-01-24,SKU023,Kitchen,Cushion,16.52,23404.54,0,0
2026-01-24,SKU024,Lighting,Cookware,13.29,23508.28,0,0
2026-01-24,SKU025,Storage,Lamp,3.19,36870.05,0,0
2026-01-24,SKU026,Furniture,Shelf,25.27,276442.18,0,0
2026-01-24,SKU027,Home Decor,Cabinet,28.35,241445.61,0,0
2026-01-24,SKU028,Kitchen,Rug,5.51,19197.34,0,0
2026-01-24,SKU029,Lighting,Organizer,16.92,196990.25,0,0
2026-01-24,SKU030,Storage,Sofa,5.35,50469.28,0,0
2026-01-24,SKU031,Furniture,Chair,19.14,166822.9,0,0
2026-01-24,SKU032,Home Decor,Table,10.27,57641.3,0,0
2026-01-24,SKU033,Kitchen,Cushion,18.59,66143.22,0,0
2026-01-24,SKU034,Lighting,Cookware,21.02,31911.3,0,0
2026-01-24,SKU035,Storage,Lamp,22.98,249796.97,0,0
2026-01-24,SKU036,Furniture,Shelf,5.03,28605.61,0,0
2026-01-24,SKU037,Home Decor,Cabinet,27.41,75306.78,0,0
2026-01-24,SKU038,Kitchen,Rug,8.73,34475.64,0,0
2026-01-24,SKU039,Lighting,Organizer,3.35,23848.48,0,0
2026-01-24,SKU040,Storage,Sofa,15.83,38792.36,0,0
2026-01-24,SKU041,Furniture,Chair,11.84,122386.88,0,0
2026-01-24,SKU042,Home Decor,Table,26.46,243401.04,0,0
2026-01-24,SKU043,Kitchen,Cushion,27.03,236398.16,0,0
2026-01-24,SKU044,Lighting,Cookware,10.36,56071.22,0,0
2026-01-24,SKU045,Storage,Lamp,28.76,220784.19,0,0
2026-01-24,SKU046,Furniture,Shelf,9.42,67593.59,0,0
2026-01-24,SKU047,Home Decor,Cabinet,15.47,122804.26,0,0
2026-01-24,SKU048,Kitchen,Rug,8.44,11643.4,0,0
2026-01-24,SKU049,Lighting,Organizer,28.39,148291.47,0,0
2026-01-24,SKU050,Storage,Sofa,7.33,6470.34,0,0
2026-01-25,SKU001,Furniture,Chair,15.01,54997.39,0,0
2026-01-25,SKU002,Home Decor,Table,10.89,41443.96,0,0
2026-01-25,SKU003,Kitchen,Cushion,5.67,45803.56,0,0
2026-01-25,SKU004,Lighting,Cookware,4.9,33621.69,0,0
2026-01-25,SKU005,Storage,Lamp,17.68,167840.13,0,0
2026-01-25,SKU006,Furniture,Shelf,7.34,59498.33,0,0
2026-01-25,SKU007,Home Decor,Cabinet,27.99,143143.38,0,0
2026-01-25,SKU008,Kitchen,Rug,17.85,175691.12,0,0
2026-01-25,SKU009,Lighting,Organizer,11.74,27435.09,0,0
2026-01-25,SKU010,Storage,Sofa,18.23,12094.88,0,0
2026-01-25,SKU011,Furniture,Chair,3.19,4608.15,0,0
2026-01-25,SKU012,Home Decor,Table,28.45,249773.08,0,0
2026-01-25,SKU013,Kitchen,Cushion,14.38,82796.88,0,0
2026-01-25,SKU014,Lighting,Cookware,21.92,49774.84,0,0
2026-01-25,SKU015,Storage,Lamp,4.53,28140.9,0,0
2026-01-25,SKU016,Furniture,Shelf,15.25,33044.01,0,0
2026-01-25,SKU017,Home Decor,Cabinet,15.32,129872.54,0,0
2026-01-25,SKU018,Kitchen,Rug,27.94,155776.96,0,0
2026-01-25,SKU019,Lighting,Organizer,17.76,85600.54,0,0
2026-01-25,SKU020,Storage,Sofa,14.71,57332.81,0,0
2026-01-25,SKU021,Furniture,Chair,9.18,70789.55,0,0
2026-01-25,SKU022,Home Decor,Table,11.18,51394.8,0,0
2026-01-25,SKU023,Kitchen,Cushion,16.27,23050.36,0,0
2026-01-25,SKU024,Lighting,Cookware,13.29,23508.28,0,0
2026-01-25,SKU025,Storage,Lamp,3.19,36870.05,0,0
2026-01-25,SKU026,Furniture,Shelf,25.06,274144.87,0,0
2026-01-25,SKU027,Home Decor,Cabinet,28.34,241360.44,0,0
2026-01-25,SKU028,Kitchen,Rug,5.51,19197.34,0,0
2026-01-25,SKU029,Lighting,Organizer,16.71,194545.34,0,0
2026-01-25,SKU030,Storage,Sofa,5.3,49997.6,0,0
2026-01-25,SKU031,Furniture,Chair,19.14,166822.9,0,0
2026-01-25,SKU032,Home Decor,Table,10.32,57921.93,0,0
2026-01-25,SKU033,Kitchen,Cushion,18.38,65396.04,0,0
2026-01-25,SKU034,Lighting,Cookware,20.81,31592.49,0,0
2026-01-25,SKU035,Storage,Lamp,22.96,249579.56,0,0
2026-01-25,SKU036,Furniture,Shelf,5.49,31221.63,0,0
2026-01-25,SKU037,Home Decor,Cabinet,27.41,75306.78,0,0
2026-01-25,SKU038,Kitchen,Rug,8.73,34475.64,0,0
2026-01-25,SKU039,Lighting,Organizer,3.71,26411.3,0,0
2026-01-25,SKU040,Storage,Sofa,15.98,39159.95,0,0
2026-01-25,SKU041,Furniture,Chair,11.82,122180.15,0,0
2026-01-25,SKU042,Home Decor,Table,26.45,243309.05,0,0
2026-01-25,SKU043,Kitchen,Cushion,26.34,230363.58,0,0
2026-01-25,SKU044,Lighting,Cookware,10.5,56828.94,0,0
2026-01-25,SKU045,Storage,Lamp,28.51,218865.0,0,0
2026-01-25,SKU046,Furniture,Shelf,9.42,67593.59,0,0
2026-01-25,SKU047,Home Decor,Cabinet,15.27,121216.62,0,0
2026-01-25,SKU048,Kitchen,Rug,8.39,11574.42,0,0
2026-01-25,SKU049,Lighting,Organizer,28.39,148291.47,0,0
2026-01-25,SKU050,Storage,Sofa,7.33,6470.34,0,0
2026-01-26,SKU001,Furniture,Chair,13.17,48255.54,0,0
2026-01-26,SKU002,Home Decor,Table,9.65,36724.91,0,0
2026-01-26,SKU003,Kitchen,Cushion,5.36,43299.31,0,0
2026-01-26,SKU004,Lighting,Cookware,4.48,30739.83,0,0
2026-01-26,SKU005,Storage,Lamp,16.03,152176.32,0,0
2026-01-26,SKU006,Furniture,Shelf,6.91,56012.74,0,0
2026-01-26,SKU007,Home Decor,Cabinet,23.13,118288.9,0,0
2026-01-26,SKU008,Kitchen,Rug,15.56,153151.48,0,0
2026-01-26,SKU009,Lighting,Organizer,10.43,24373.76,0,0
2026-01-26,SKU010,Storage,Sofa,16.32,10827.67,0,0
2026-01-26,SKU011,Furniture,Chair,2.9,4189.22,0,0
2026-01-26,SKU012,Home Decor,Table,23.44,205788.43,0,0
2026-01-26,SKU013,Kitchen,Cushion,12.97,74678.41,0,0
2026-01-26,SKU014,Lighting,Cookware,19.49,44256.92,0,0
2026-01-26,SKU015,Storage,Lamp,4.14,25718.18,0,0
2026-01-26,SKU016,Furniture,Shelf,13.78,29858.78,0,0
2026-01-26,SKU017,Home Decor,Cabinet,13.77,116732.7,0,0
2026-01-26,SKU018,Kitchen,Rug,23.57,131412.41,0,0
2026-01-26,SKU019,Lighting,Organizer,15.69,75623.45,0,0
2026-01-26,SKU020,Storage,Sofa,13.14,51213.68,0,0
2026-01-26,SKU021,Furniture,Chair,8.31,64080.74,0,0
2026-01-26,SKU022,Home Decor,Table,9.83,45188.8,0,0
2026-01-26,SKU023,Kitchen,Cushion,14.56,20627.73,0,0
2026-01-26,SKU024,Lighting,Cookware,11.89,21031.86,0,0
2026-01-26,SKU025,Storage,Lamp,2.9,33518.23,0,0
2026-01-26,SKU026,Furniture,Shelf,21.16,231480.67,0,0
2026-01-26,SKU027,Home Decor,Cabinet,23.61,201076.93,0,0
2026-01-26,SKU028,Kitchen,Rug,5.11,17803.7,0,0
2026-01-26,SKU029,Lighting,Organizer,15.15,176383.12,0,0
2026-01-26,SKU030,Storage,Sofa,4.9,46224.2,0,0
2026-01-26,SKU031,Furniture,Chair,17.64,153749.01,0,0
2026-01-26,SKU032,Home Decor,Table,9.29,52140.96,0,0
2026-01-26,SKU033,Kitchen,Cushion,16.47,58600.26,0,0
2026-01-26,SKU034,Lighting,Cookware,18.33,27827.51,0,0
2026-01-26,SKU035,Storage,Lamp,20.08,218273.42,0,0
2026-01-26,SKU036,Furniture,Shelf,4.68,26615.16,0,0
2026-01-26,SKU037,Home Decor,Cabinet,22.68,62311.49,0,0
2026-01-26,SKU038,Kitchen,Rug,7.81,30842.47,0,0
2026-01-26,SKU039,Lighting,Organizer,3.38,24062.05,0,0
2026-01-26,SKU040,Storage,Sofa,14.04,34405.86,0,0
2026-01-26,SKU041,Furniture,Chair,10.71,110706.38,0,0
2026-01-26,SKU042,Home Decor,Table,22.6,207893.56,0,0
2026-01-26,SKU043,Kitchen,Cushion,22.69,198441.52,0,0
2026-01-26,SKU044,Lighting,Cookware,9.35,50604.82,0,0
2026-01-26,SKU045,Storage,Lamp,23.54,180711.4,0,0
2026-01-26,SKU046,Furniture,Shelf,8.62,61853.15,0,0
2026-01-26,SKU047,Home Decor,Cabinet,13.86,110023.73,0,0
2026-01-26,SKU048,Kitchen,Rug,8.03,11077.79,0,0
2026-01-26,SKU049,Lighting,Organizer,23.42,122331.33,0,0
2026-01-26,SKU050,Storage,Sofa,6.77,5976.01,0,0
2026-01-27,SKU001,Furniture,Chair,13.05,47815.85,0,0
2026-01-27,SKU002,Home Decor,Table,9.65,36724.91,0,0
2026-01-27,SKU003,Kitchen,Cushion,5.31,42895.4,0,0
2026-01-27,SKU004,Lighting,Cookware,4.48,30739.83,0,0
2026-01-27,SKU005,Storage,Lamp,15.88,150752.33,0,0
2026-01-27,SKU006,Furniture,Shelf,6.97,56499.1,0,0
2026-01-27,SKU007,Home Decor,Cabinet,23.24,118851.45,0,0
2026-01-27,SKU008,Kitchen,Rug,15.43,151871.94,0,0
2026-01-27,SKU009,Lighting,Organizer,10.45,24420.5,0,0
2026-01-27,SKU010,Storage,Sofa,16.19,10741.42,0,0
2026-01-27,SKU011,Furniture,Chair,2.9,4189.22,0,0
2026-01-27,SKU012,Home Decor,Table,23.28,204383.73,0,0
2026-01-27,SKU013,Kitchen,Cushion,12.81,73757.16,0,0
2026-01-27,SKU014,Lighting,Cookware,19.4,44052.55,0,0
2026-01-27,SKU015,Storage,Lamp,4.14,25718.18,0,0
2026-01-27,SKU016,Furniture,Shelf,13.65,29577.09,0,0
2026-01-27,SKU017,Home Decor,Cabinet,13.62,115461.1,0,0
2026-01-27,SKU018,Kitchen,Rug,23.46,130799.12,0,0
2026-01-27,SKU019,Lighting,Organizer,15.52,74804.07,0,0
2026-01-27,SKU020,Storage,Sofa,13.04,50823.92,0,0
2026-01-27,SKU021,Furniture,Chair,8.35,64389.19,0,0
2026-01-27,SKU022,Home Decor,Table,10.15,46659.85,0,0
2026-01-27,SKU023,Kitchen,Cushion,14.66,20769.41,0,0
2026-01-27,SKU024,Lighting,Cookware,11.89,21031.86,0,0
2026-01-27,SKU025,Storage,Lamp,2.9,33518.23,0,0
2026-01-27,SKU026,Furniture,Shelf,20.7,226448.48,0,0
2026-01-27,SKU027,Home Decor,Cabinet,23.26,198096.12,0,0
2026-01-27,SKU028,Kitchen,Rug,5.16,17977.9,0,0
2026-01-27,SKU029,Lighting,Organizer,15.03,174986.02,0,0
2026-01-27,SKU030,Storage,Sofa,4.9,46224.2,0,0
2026-01-27,SKU031,Furniture,Chair,17.69,154184.8,0,0
2026-01-27,SKU032,Home Decor,Table,9.29,52140.96,0,0
2026-01-27,SKU033,Kitchen,Cushion,16.52,58778.16,0,0
2026-01-27,SKU034,Lighting,Cookware,18.69,28374.04,0,0
2026-01-27,SKU035,Storage,Lamp,19.91,216425.48,0,0
2026-01-27,SKU036,Furniture,Shelf,5.0,28435.0,0,0
2026-01-27,SKU037,Home Decor,Cabinet,22.74,62476.33,0,0
2026-01-27,SKU038,Kitchen,Rug,7.77,30684.51,0,0
2026-01-27,SKU039,Lighting,Organizer,3.43,24418.0,0,0
2026-01-27,SKU040,Storage,Sofa,14.19,34773.45,0,0
2026-01-27,SKU041,Furniture,Chair,10.71,110706.38,0,0
2026-01-27,SKU042,Home Decor,Table,22.18,204030.05,0,0
2026-01-27,SKU043,Kitchen,Cushion,22.21,194243.55,0,0
2026-01-27,SKU044,Lighting,Cookware,9.3,50334.2,0,0
2026-01-27,SKU045,Storage,Lamp,23.51,180481.1,0,0
2026-01-27,SKU046,Furniture,Shelf,8.57,61494.38,0,0
2026-01-27,SKU047,Home Decor,Cabinet,13.5,107165.97,0,0
2026-01-27,SKU048,Kitchen,Rug,8.03,11077.79,0,0
2026-01-27,SKU049,Lighting,Organizer,23.46,122540.26,0,0
2026-01-27,SKU050,Storage,Sofa,6.7,5914.22,0,0
2026-01-28,SKU001,Furniture,Chair,13.05,47815.85,0,0
2026-01-28,SKU002,Home Decor,Table,9.69,36877.14,0,0
2026-01-28,SKU003,Kitchen,Cushion,5.36,43299.31,0,0
2026-01-28,SKU004,Lighting,Cookware,4.8,32935.54,0,0
2026-01-28,SKU005,Storage,Lamp,15.88,150752.33,0,0
2026-01-28,SKU006,Furniture,Shelf,6.97,56499.1,0,0
2026-01-28,SKU007,Home Decor,Cabinet,23.96,122533.6,0,0
2026-01-28,SKU008,Kitchen,Rug,15.43,151871.94,0,0
2026-01-28,SKU009,Lighting,Organizer,10.47,24467.24,0,0
2026-01-28,SKU010,Storage,Sofa,16.19,10741.42,0,0
2026-01-28,SKU011,Furniture,Chair,2.9,4189.22,0,0
2026-01-28,SKU012,Home Decor,Table,24.9,218606.31,0,0
2026-01-28,SKU013,Kitchen,Cushion,12.55,72260.14,0,0
2026-01-28,SKU014,Lighting,Cookware,19.14,43462.16,0,0
2026-01-28,SKU015,Storage,Lamp,4.36,27084.84,0,0
2026-01-28,SKU016,Furniture,Shelf,13.65,29577.09,0,0
2026-01-28,SKU017,Home Decor,Cabinet,13.62,115461.1,0,0
2026-01-28,SKU018,Kitchen,Rug,23.63,131746.94,0,0
2026-01-28,SKU019,Lighting,Organizer,15.52,74804.07,0,0
2026-01-28,SKU020,Storage,Sofa,13.04,50823.92,0,0
2026-01-28,SKU021,Furniture,Chair,8.35,64389.19,0,0
2026-01-28,SKU022,Home Decor,Table,10.11,46475.97,0,0
2026-01-28,SKU023,Kitchen,Cushion,14.66,20769.41,0,0
2026-01-28,SKU024,Lighting,Cookware,11.89,21031.86,0,0
2026-01-28,SKU025,Storage,Lamp,2.9,33518.23,0,0
2026-01-28,SKU026,Furniture,Shelf,20.7,226448.48,0,0
2026-01-28,SKU027,Home Decor,Cabinet,23.7,201843.42,0,0
2026-01-28,SKU028,Kitchen,Rug,5.11,17803.7,0,0
2026-01-28,SKU029,Lighting,Organizer,15.28,177896.64,0,0
2026-01-28,SKU030,Storage,Sofa,4.95,46695.87,0,0
2026-01-28,SKU031,Furniture,Chair,17.69,154184.8,0,0
2026-01-28,SKU032,Home Decor,Table,9.25,51916.46,0,0
2026-01-28,SKU033,Kitchen,Cushion,16.96,60343.68,0,0
2026-01-28,SKU034,Lighting,Cookware,18.17,27584.6,0,0
2026-01-28,SKU035,Storage,Lamp,20.15,219034.33,0,0
2026-01-28,SKU036,Furniture,Shelf,5.0,28435.0,0,0
2026-01-28,SKU037,Home Decor,Cabinet,23.8,65388.6,0,0
2026-01-28,SKU038,Kitchen,Rug,7.77,30684.51,0,0
2026-01-28,SKU039,Lighting,Organizer,3.38,24062.05,0,0
2026-01-28,SKU040,Storage,Sofa,14.19,34773.45,0,0
2026-01-28,SKU041,Furniture,Chair,10.68,110396.28,0,0
2026-01-28,SKU042,Home Decor,Table,22.65,208353.5,0,0
2026-01-28,SKU043,Kitchen,Cushion,22.21,194243.55,0,0
2026-01-28,SKU044,Lighting,Cookware,9.46,51200.17,0,0
2026-01-28,SKU045,Storage,Lamp,25.58,196372.03,0,0
2026-01-28,SKU046,Furniture,Shelf,9.12,65440.92,0,0
2026-01-28,SKU047,Home Decor,Cabinet,13.61,108039.17,0,0
2026-01-28,SKU048,Kitchen,Rug,8.03,11077.79,0,0
2026-01-28,SKU049,Lighting,Organizer,24.87,129905.21,0,0
2026-01-28,SKU050,Storage,Sofa,6.66,5878.92,0,0
2026-01-29,SKU001,Furniture,Chair,13.14,48145.62,0,0
2026-01-29,SKU002,Home Decor,Table,9.74,37067.42,0,0
2026-01-29,SKU003,Kitchen,Cushion,5.31,42895.4,0,0
2026-01-29,SKU004,Lighting,Cookware,4.8,32935.54,0,0
2026-01-29,SKU005,Storage,Lamp,15.86,150562.47,0,0
2026-01-29,SKU006,Furniture,Shelf,6.97,56499.1,0,0
2026-01-29,SKU007,Home Decor,Cabinet,23.68,121101.65,0,0
2026-01-29,SKU008,Kitchen,Rug,15.55,153053.05,0,0
2026-01-29,SKU009,Lighting,Organizer,11.07,25869.37,0,0
2026-01-29,SKU010,Storage,Sofa,16.22,10761.32,0,0
2026-01-29,SKU011,Furniture,Chair,2.9,4189.22,0,0
2026-01-29,SKU012,Home Decor,Table,24.87,218342.93,0,0
2026-01-29,SKU013,Kitchen,Cushion,12.67,72951.07,0,0
2026-01-29,SKU014,Lighting,Cookware,19.14,43462.16,0,0
2026-01-29,SKU015,Storage,Lamp,4.36,27084.84,0,0
2026-01-29,SKU016,Furniture,Shelf,13.73,29750.44,0,0
2026-01-29,SKU017,Home Decor,Cabinet,13.67,115884.96,0,0
2026-01-29,SKU018,Kitchen,Rug,23.6,131579.68,0,0
2026-01-29,SKU019,Lighting,Organizer,15.6,75189.66,0,0
2026-01-29,SKU020,Storage,Sofa,13.16,51291.63,0,0
2026-01-29,SKU021,Furniture,Chair,8.35,64389.19,0,0
2026-01-29,SKU022,Home Decor,Table,10.32,47441.35,0,0
2026-01-29,SKU023,Kitchen,Cushion,14.74,20882.75,0,0
2026-01-29,SKU024,Lighting,Cookware,12.07,21350.26,0,0
2026-01-29,SKU025,Storage,Lamp,2.9,33518.23,0,0
2026-01-29,SKU026,Furniture,Shelf,20.7,226448.48,0,0
2026-01-29,SKU027,Home Decor,Cabinet,23.7,201843.42,0,0
2026-01-29,SKU028,Kitchen,Rug,5.11,17803.7,0,0
2026-01-29,SKU029,Lighting,Organizer,15.11,175917.42,0,0
2026-01-29,SKU030,Storage,Sofa,4.9,46224.2,0,0
2026-01-29,SKU031,Furniture,Chair,17.49,152441.62,0,0
2026-01-29,SKU032,Home Decor,Table,9.29,52140.96,0,0
2026-01-29,SKU033,Kitchen,Cushion,17.11,60877.38,0,0
2026-01-29,SKU034,Lighting,Cookware,17.92,27205.07,0,0
2026-01-29,SKU035,Storage,Lamp,20.01,217512.5,0,0
2026-01-29,SKU036,Furniture,Shelf,5.0,28435.0,0,0
2026-01-29,SKU037,Home Decor,Cabinet,23.63,64921.53,0,0
2026-01-29,SKU038,Kitchen,Rug,7.73,30526.54,0,0
2026-01-29,SKU039,Lighting,Organizer,3.38,24062.05,0,0
2026-01-29,SKU040,Storage,Sofa,14.27,34969.49,0,0
2026-01-29,SKU041,Furniture,Chair,11.27,116494.95,0,0
2026-01-29,SKU042,Home Decor,Table,22.5,206973.68,0,0
2026-01-29,SKU043,Kitchen,Cushion,22.21,194243.55,0,0
2026-01-29,SKU044,Lighting,Cookware,9.54,51633.15,0,0
2026-01-29,SKU045,Storage,Lamp,25.46,195450.82,0,0
2026-01-29,SKU046,Furniture,Shelf,9.2,66014.97,0,0
2026-01-29,SKU047,Home Decor,Cabinet,13.68,108594.85,0,0
2026-01-29,SKU048,Kitchen,Rug,8.03,11077.79,0,0
2026-01-29,SKU049,Lighting,Organizer,24.5,127972.56,0,0
2026-01-29,SKU050,Storage,Sofa,6.69,5905.4,0,0
2026-01-30,SKU001,Furniture,Chair,13.18,48292.18,0,0
2026-01-30,SKU002,Home Decor,Table,9.98,37980.79,0,0
2026-01-30,SKU003,Kitchen,Cushion,5.32,42976.18,0,0
2026-01-30,SKU004,Lighting,Cookware,4.81,33004.15,0,0
2026-01-30,SKU005,Storage,Lamp,15.92,151132.06,0,0
2026-01-30,SKU006,Furniture,Shelf,6.98,56580.16,0,0
2026-01-30,SKU007,Home Decor,Cabinet,23.68,121101.65,0,0
2026-01-30,SKU008,Kitchen,Rug,15.7,154529.45,0,0
2026-01-30,SKU009,Lighting,Organizer,11.06,25846.0,0,0
2026-01-30,SKU010,Storage,Sofa,16.33,10834.3,0,0
2026-01-30,SKU011,Furniture,Chair,2.91,4203.67,0,0
2026-01-30,SKU012,Home Decor,Table,24.87,218342.93,0,0
2026-01-30,SKU013,Kitchen,Cushion,12.71,73181.38,0,0
2026-01-30,SKU014,Lighting,Cookware,19.14,43462.16,0,0
2026-01-30,SKU015,Storage,Lamp,4.37,27146.96,0,0
2026-01-30,SKU016,Furniture,Shelf,13.72,29728.77,0,0
2026-01-30,SKU017,Home Decor,Cabinet,13.66,115800.19,0,0
2026-01-30,SKU018,Kitchen,Rug,23.6,131579.68,0,0
2026-01-30,SKU019,Lighting,Organizer,15.73,75816.24,0,0
2026-01-30,SKU020,Storage,Sofa,13.2,51447.53,0,0
2026-01-30,SKU021,Furniture,Chair,8.34,64312.08,0,0
2026-01-30,SKU022,Home Decor,Table,10.36,47625.23,0,0
2026-01-30,SKU023,Kitchen,Cushion,14.73,20868.58,0,0
2026-01-30,SKU024,Lighting,Cookware,12.07,21350.26,0,0
2026-01-30,SKU025,Storage,Lamp,2.91,33633.81,0,0
2026-01-30,SKU026,Furniture,Shelf,20.7,226448.48,0,0
2026-01-30,SKU027,Home Decor,Cabinet,23.7,201843.42,0,0
2026-01-30,SKU028,Kitchen,Rug,5.12,17838.54,0,0
2026-01-30,SKU029,Lighting,Organizer,15.22,177198.09,0,0
2026-01-30,SKU030,Storage,Sofa,4.91,46318.53,0,0
2026-01-30,SKU031,Furniture,Chair,17.6,153400.37,0,0
2026-01-30,SKU032,Home Decor,Table,9.3,52197.09,0,0
2026-01-30,SKU033,Kitchen,Cushion,17.22,61268.76,0,0
2026-01-30,SKU034,Lighting,Cookware,17.86,27113.98,0,0
2026-01-30,SKU035,Storage,Lamp,20.01,217512.5,0,0
2026-01-30,SKU036,Furniture,Shelf,5.01,28491.87,0,0
2026-01-30,SKU037,Home Decor,Cabinet,23.63,64921.53,0,0
2026-01-30,SKU038,Kitchen,Rug,7.72,30487.05,0,0
2026-01-30,SKU039,Lighting,Organizer,3.4,24204.43,0,0
2026-01-30,SKU040,Storage,Sofa,14.4,35288.06,0,0
2026-01-30,SKU041,Furniture,Chair,11.26,116391.58,0,0
2026-01-30,SKU042,Home Decor,Table,22.5,206973.68,0,0
2026-01-30,SKU043,Kitchen,Cushion,22.32,195205.59,0,0
2026-01-30,SKU044,Lighting,Cookware,9.53,51579.03,0,0
2026-01-30,SKU045,Storage,Lamp,25.46,195450.82,0,0
2026-01-30,SKU046,Furniture,Shelf,9.19,65943.21,0,0
2026-01-30,SKU047,Home Decor,Cabinet,13.67,108515.47,0,0
2026-01-30,SKU048,Kitchen,Rug,8.06,11119.17,0,0
2026-01-30,SKU049,Lighting,Organizer,24.5,127972.56,0,0
2026-01-30,SKU050,Storage,Sofa,6.75,5958.36,0,0
